Variable,Fechas,Montos,Tipo_Valores,Enfoque
"Agricultura, Ganadería, Caza, Silvicultura y Pesca ",2000,15328.9,Corrientes,Produccion
Explotación de Minas y Canteras,2000,488.6,Corrientes,Produccion
Industrias Manufactureras,2000,21902.1,Corrientes,Produccion
Electricidad y Distribución de Agua,2000,2701.0,Corrientes,Produccion
Construcción,2000,6244.3,Corrientes,Produccion
"Comercio, Reparación de Vehículos Automotores., Motocicletas., Efectos Personales y Enseres Domésticos",2000,12981.9,Corrientes,Produccion
Hoteles y Restaurantes,2000,2728.5,Corrientes,Produccion
"Transporte, Almacenamiento",2000,4030.4,Corrientes,Produccion
Comunicaciones,2000,4089.6,Corrientes,Produccion
Intermediación Financiera,2000,5083.9,Corrientes,Produccion
Propiedad de Vivienda,2000,5132.1,Corrientes,Produccion
Actividades Inmobiliarias y Empresariales,2000,4259.8,Corrientes,Produccion
Administración Pública y Defensa; Planes de Seguridad Social de Afiliación Obligatoria,2000,5920.7,Corrientes,Produccion
Servicios de Enseñanza,2000,5170.6,Corrientes,Produccion
Servicios Sociales y de Salud,2000,2334.5,Corrientes,Produccion
"Servicios Comunitarios, Sociales y Personales",2000,2384.0,Corrientes,Produccion
Menos: Servicios de Intermediación Financiera Medidos Indirectamente,2000,4245.1,Corrientes,Produccion
Valor Agregado Bruto a precios básicos,2000,96535.8,Corrientes,Produccion
Más: Impuestos netos de subvenciones sobre la producción y las importaciones,2000,10118.3,Corrientes,Produccion
Producto Interno Bruto a precios de mercado,2000,106654.2,Corrientes,Produccion
"Agricultura, Ganadería, Caza, Silvicultura y Pesca ",2001,15590.6,Corrientes,Produccion
Explotación de Minas y Canteras,2001,684.4,Corrientes,Produccion
Industrias Manufactureras,2001,23255.1,Corrientes,Produccion
Electricidad y Distribución de Agua,2001,2412.6,Corrientes,Produccion
Construcción,2001,6443.2,Corrientes,Produccion
"Comercio, Reparación de Vehículos Automotores., Motocicletas., Efectos Personales y Enseres Domésticos",2001,14806.8,Corrientes,Produccion
Hoteles y Restaurantes,2001,3185.4,Corrientes,Produccion
"Transporte, Almacenamiento",2001,4672.0,Corrientes,Produccion
Comunicaciones,2001,4409.1,Corrientes,Produccion
Intermediación Financiera,2001,5765.1,Corrientes,Produccion
Propiedad de Vivienda,2001,5880.2,Corrientes,Produccion
Actividades Inmobiliarias y Empresariales,2001,4654.3,Corrientes,Produccion
Administración Pública y Defensa; Planes de Seguridad Social de Afiliación Obligatoria,2001,7189.9,Corrientes,Produccion
Servicios de Enseñanza,2001,6537.9,Corrientes,Produccion
Servicios Sociales y de Salud,2001,2969.2,Corrientes,Produccion
"Servicios Comunitarios, Sociales y Personales",2001,2712.9,Corrientes,Produccion
Menos: Servicios de Intermediación Financiera Medidos Indirectamente,2001,4301.9,Corrientes,Produccion
Valor Agregado Bruto a precios básicos,2001,106866.9,Corrientes,Produccion
Más: Impuestos netos de subvenciones sobre la producción y las importaciones,2001,11548.8,Corrientes,Produccion
Producto Interno Bruto a precios de mercado,2001,118415.7,Corrientes,Produccion
"Agricultura, Ganadería, Caza, Silvicultura y Pesca ",2002,15736.9,Corrientes,Produccion
Explotación de Minas y Canteras,2002,717.4,Corrientes,Produccion
Industrias Manufactureras,2002,25694.1,Corrientes,Produccion
Electricidad y Distribución de Agua,2002,2370.5,Corrientes,Produccion
Construcción,2002,6431.9,Corrientes,Produccion
"Comercio, Reparación de Vehículos Automotores., Motocicletas., Efectos Personales y Enseres Domésticos",2002,16742.2,Corrientes,Produccion
Hoteles y Restaurantes,2002,3713.1,Corrientes,Produccion
"Transporte, Almacenamiento",2002,4791.4,Corrientes,Produccion
Comunicaciones,2002,4479.1,Corrientes,Produccion
Intermediación Financiera,2002,6288.1,Corrientes,Produccion
Propiedad de Vivienda,2002,7119.5,Corrientes,Produccion
Actividades Inmobiliarias y Empresariales,2002,5279.0,Corrientes,Produccion
Administración Pública y Defensa; Planes de Seguridad Social de Afiliación Obligatoria,2002,8007.6,Corrientes,Produccion
Servicios de Enseñanza,2002,7912.4,Corrientes,Produccion
Servicios Sociales y de Salud,2002,3394.9,Corrientes,Produccion
"Servicios Comunitarios, Sociales y Personales",2002,3108.3,Corrientes,Produccion
Menos: Servicios de Intermediación Financiera Medidos Indirectamente,2002,4801.1,Corrientes,Produccion
Valor Agregado Bruto a precios básicos,2002,116985.4,Corrientes,Produccion
Más: Impuestos netos de subvenciones sobre la producción y las importaciones,2002,12181.2,Corrientes,Produccion
Producto Interno Bruto a precios de mercado,2002,129166.6,Corrientes,Produccion
"Agricultura, Ganadería, Caza, Silvicultura y Pesca ",2003,16587.0,Corrientes,Produccion
Explotación de Minas y Canteras,2003,900.4,Corrientes,Produccion
Industrias Manufactureras,2003,28240.8,Corrientes,Produccion
Electricidad y Distribución de Agua,2003,2097.7,Corrientes,Produccion
Construcción,2003,7852.7,Corrientes,Produccion
"Comercio, Reparación de Vehículos Automotores., Motocicletas., Efectos Personales y Enseres Domésticos",2003,18322.3,Corrientes,Produccion
Hoteles y Restaurantes,2003,4208.5,Corrientes,Produccion
"Transporte, Almacenamiento",2003,5599.8,Corrientes,Produccion
Comunicaciones,2003,5172.9,Corrientes,Produccion
Intermediación Financiera,2003,6930.9,Corrientes,Produccion
Propiedad de Vivienda,2003,8124.4,Corrientes,Produccion
Actividades Inmobiliarias y Empresariales,2003,6145.4,Corrientes,Produccion
Administración Pública y Defensa; Planes de Seguridad Social de Afiliación Obligatoria,2003,8614.5,Corrientes,Produccion
Servicios de Enseñanza,2003,9045.6,Corrientes,Produccion
Servicios Sociales y de Salud,2003,3771.1,Corrientes,Produccion
"Servicios Comunitarios, Sociales y Personales",2003,3561.7,Corrientes,Produccion
Menos: Servicios de Intermediación Financiera Medidos Indirectamente,2003,5175.8,Corrientes,Produccion
Valor Agregado Bruto a precios básicos,2003,129999.9,Corrientes,Produccion
Más: Impuestos netos de subvenciones sobre la producción y las importaciones,2003,12817.9,Corrientes,Produccion
Producto Interno Bruto a precios de mercado,2003,142817.8,Corrientes,Produccion
"Agricultura, Ganadería, Caza, Silvicultura y Pesca ",2004,19656.6,Corrientes,Produccion
Explotación de Minas y Canteras,2004,1098.8,Corrientes,Produccion
Industrias Manufactureras,2004,30940.4,Corrientes,Produccion
Electricidad y Distribución de Agua,2004,2193.2,Corrientes,Produccion
Construcción,2004,8628.2,Corrientes,Produccion
"Comercio, Reparación de Vehículos Automotores., Motocicletas., Efectos Personales y Enseres Domésticos",2004,21386.1,Corrientes,Produccion
Hoteles y Restaurantes,2004,4599.3,Corrientes,Produccion
"Transporte, Almacenamiento",2004,5850.1,Corrientes,Produccion
Comunicaciones,2004,5732.5,Corrientes,Produccion
Intermediación Financiera,2004,8417.5,Corrientes,Produccion
Propiedad de Vivienda,2004,8938.5,Corrientes,Produccion
Actividades Inmobiliarias y Empresariales,2004,7023.2,Corrientes,Produccion
Administración Pública y Defensa; Planes de Seguridad Social de Afiliación Obligatoria,2004,10307.4,Corrientes,Produccion
Servicios de Enseñanza,2004,10041.1,Corrientes,Produccion
Servicios Sociales y de Salud,2004,4188.0,Corrientes,Produccion
"Servicios Comunitarios, Sociales y Personales",2004,4001.8,Corrientes,Produccion
Menos: Servicios de Intermediación Financiera Medidos Indirectamente,2004,5892.1,Corrientes,Produccion
Valor Agregado Bruto a precios básicos,2004,147110.5,Corrientes,Produccion
Más: Impuestos netos de subvenciones sobre la producción y las importaciones,2004,14397.0,Corrientes,Produccion
Producto Interno Bruto a precios de mercado,2004,161507.5,Corrientes,Produccion
"Agricultura, Ganadería, Caza, Silvicultura y Pesca ",2005,22915.0,Corrientes,Produccion
Explotación de Minas y Canteras,2005,1184.4,Corrientes,Produccion
Industrias Manufactureras,2005,35066.3,Corrientes,Produccion
Electricidad y Distribución de Agua,2005,2557.3,Corrientes,Produccion
Construcción,2005,9407.4,Corrientes,Produccion
"Comercio, Reparación de Vehículos Automotores., Motocicletas., Efectos Personales y Enseres Domésticos",2005,25227.1,Corrientes,Produccion
Hoteles y Restaurantes,2005,5049.3,Corrientes,Produccion
"Transporte, Almacenamiento",2005,6363.5,Corrientes,Produccion
Comunicaciones,2005,6764.6,Corrientes,Produccion
Intermediación Financiera,2005,9625.9,Corrientes,Produccion
Propiedad de Vivienda,2005,10052.7,Corrientes,Produccion
Actividades Inmobiliarias y Empresariales,2005,8061.6,Corrientes,Produccion
Administración Pública y Defensa; Planes de Seguridad Social de Afiliación Obligatoria,2005,11267.8,Corrientes,Produccion
Servicios de Enseñanza,2005,11794.5,Corrientes,Produccion
Servicios Sociales y de Salud,2005,4849.2,Corrientes,Produccion
"Servicios Comunitarios, Sociales y Personales",2005,4571.7,Corrientes,Produccion
Menos: Servicios de Intermediación Financiera Medidos Indirectamente,2005,6912.1,Corrientes,Produccion
Valor Agregado Bruto a precios básicos,2005,167846.3,Corrientes,Produccion
Más: Impuestos netos de subvenciones sobre la producción y las importaciones,2005,15901.2,Corrientes,Produccion
Producto Interno Bruto a precios de mercado,2005,183747.4,Corrientes,Produccion
"Agricultura, Ganadería, Caza, Silvicultura y Pesca ",2006,24458.7,Corrientes,Produccion
Explotación de Minas y Canteras,2006,2396.4,Corrientes,Produccion
Industrias Manufactureras,2006,39133.1,Corrientes,Produccion
Electricidad y Distribución de Agua,2006,2334.5,Corrientes,Produccion
Construcción,2006,11390.0,Corrientes,Produccion
"Comercio, Reparación de Vehículos Automotores., Motocicletas., Efectos Personales y Enseres Domésticos",2006,29445.7,Corrientes,Produccion
Hoteles y Restaurantes,2006,5738.4,Corrientes,Produccion
"Transporte, Almacenamiento",2006,6917.0,Corrientes,Produccion
Comunicaciones,2006,7069.8,Corrientes,Produccion
Intermediación Financiera,2006,11770.2,Corrientes,Produccion
Propiedad de Vivienda,2006,11089.9,Corrientes,Produccion
Actividades Inmobiliarias y Empresariales,2006,8994.6,Corrientes,Produccion
Administración Pública y Defensa; Planes de Seguridad Social de Afiliación Obligatoria,2006,12057.2,Corrientes,Produccion
Servicios de Enseñanza,2006,13414.8,Corrientes,Produccion
Servicios Sociales y de Salud,2006,5705.3,Corrientes,Produccion
"Servicios Comunitarios, Sociales y Personales",2006,5282.8,Corrientes,Produccion
Menos: Servicios de Intermediación Financiera Medidos Indirectamente,2006,8812.1,Corrientes,Produccion
Valor Agregado Bruto a precios básicos,2006,188386.2,Corrientes,Produccion
Más: Impuestos netos de subvenciones sobre la producción y las importaciones,2006,17901.8,Corrientes,Produccion
Producto Interno Bruto a precios de mercado,2006,206288.0,Corrientes,Produccion
"Agricultura, Ganadería, Caza, Silvicultura y Pesca ",2007,27820.3,Corrientes,Produccion
Explotación de Minas y Canteras,2007,2770.1,Corrientes,Produccion
Industrias Manufactureras,2007,41928.7,Corrientes,Produccion
Electricidad y Distribución de Agua,2007,2469.1,Corrientes,Produccion
Construcción,2007,13925.5,Corrientes,Produccion
"Comercio, Reparación de Vehículos Automotores., Motocicletas., Efectos Personales y Enseres Domésticos",2007,33169.6,Corrientes,Produccion
Hoteles y Restaurantes,2007,6773.5,Corrientes,Produccion
"Transporte, Almacenamiento",2007,7803.7,Corrientes,Produccion
Comunicaciones,2007,8008.9,Corrientes,Produccion
Intermediación Financiera,2007,13880.7,Corrientes,Produccion
Propiedad de Vivienda,2007,12716.6,Corrientes,Produccion
Actividades Inmobiliarias y Empresariales,2007,10404.4,Corrientes,Produccion
Administración Pública y Defensa; Planes de Seguridad Social de Afiliación Obligatoria,2007,14372.8,Corrientes,Produccion
Servicios de Enseñanza,2007,16302.1,Corrientes,Produccion
Servicios Sociales y de Salud,2007,6756.3,Corrientes,Produccion
"Servicios Comunitarios, Sociales y Personales",2007,6080.0,Corrientes,Produccion
Menos: Servicios de Intermediación Financiera Medidos Indirectamente,2007,11301.3,Corrientes,Produccion
Valor Agregado Bruto a precios básicos,2007,213881.0,Corrientes,Produccion
Más: Impuestos netos de subvenciones sobre la producción y las importaciones,2007,19686.2,Corrientes,Produccion
Producto Interno Bruto a precios de mercado,2007,233567.2,Corrientes,Produccion
"Agricultura, Ganadería, Caza, Silvicultura y Pesca ",2008,31884.1,Corrientes,Produccion
Explotación de Minas y Canteras,2008,2036.1,Corrientes,Produccion
Industrias Manufactureras,2008,46723.9,Corrientes,Produccion
Electricidad y Distribución de Agua,2008,2904.4,Corrientes,Produccion
Construcción,2008,16432.2,Corrientes,Produccion
"Comercio, Reparación de Vehículos Automotores., Motocicletas., Efectos Personales y Enseres Domésticos",2008,37917.1,Corrientes,Produccion
Hoteles y Restaurantes,2008,7636.8,Corrientes,Produccion
"Transporte, Almacenamiento",2008,9066.6,Corrientes,Produccion
Comunicaciones,2008,8931.3,Corrientes,Produccion
Intermediación Financiera,2008,16800.5,Corrientes,Produccion
Propiedad de Vivienda,2008,13817.8,Corrientes,Produccion
Actividades Inmobiliarias y Empresariales,2008,11857.4,Corrientes,Produccion
Administración Pública y Defensa; Planes de Seguridad Social de Afiliación Obligatoria,2008,16364.6,Corrientes,Produccion
Servicios de Enseñanza,2008,18927.8,Corrientes,Produccion
Servicios Sociales y de Salud,2008,8255.6,Corrientes,Produccion
"Servicios Comunitarios, Sociales y Personales",2008,6929.6,Corrientes,Produccion
Menos: Servicios de Intermediación Financiera Medidos Indirectamente,2008,13292.4,Corrientes,Produccion
Valor Agregado Bruto a precios básicos,2008,243193.5,Corrientes,Produccion
Más: Impuestos netos de subvenciones sobre la producción y las importaciones,2008,19223.4,Corrientes,Produccion
Producto Interno Bruto a precios de mercado,2008,262416.9,Corrientes,Produccion
"Agricultura, Ganadería, Caza, Silvicultura y Pesca ",2009,29837.3,Corrientes,Produccion
Explotación de Minas y Canteras,2009,2344.3,Corrientes,Produccion
Industrias Manufactureras,2009,45839.4,Corrientes,Produccion
Electricidad y Distribución de Agua,2009,6393.6,Corrientes,Produccion
Construcción,2009,17147.6,Corrientes,Produccion
"Comercio, Reparación de Vehículos Automotores., Motocicletas., Efectos Personales y Enseres Domésticos",2009,36330.8,Corrientes,Produccion
Hoteles y Restaurantes,2009,8283.3,Corrientes,Produccion
"Transporte, Almacenamiento",2009,9310.6,Corrientes,Produccion
Comunicaciones,2009,10308.6,Corrientes,Produccion
Intermediación Financiera,2009,17218.1,Corrientes,Produccion
Propiedad de Vivienda,2009,15105.800000000001,Corrientes,Produccion
Actividades Inmobiliarias y Empresariales,2009,12780.1,Corrientes,Produccion
Administración Pública y Defensa; Planes de Seguridad Social de Afiliación Obligatoria,2009,18893.2,Corrientes,Produccion
Servicios de Enseñanza,2009,22069.0,Corrientes,Produccion
Servicios Sociales y de Salud,2009,9831.7,Corrientes,Produccion
"Servicios Comunitarios, Sociales y Personales",2009,8182.0,Corrientes,Produccion
Menos: Servicios de Intermediación Financiera Medidos Indirectamente,2009,14242.7,Corrientes,Produccion
Valor Agregado Bruto a precios básicos,2009,255632.3,Corrientes,Produccion
Más: Impuestos netos de subvenciones sobre la producción y las importaciones,2009,19999.9,Corrientes,Produccion
Producto Interno Bruto a precios de mercado,2009,275632.2,Corrientes,Produccion
"Agricultura, Ganadería, Caza, Silvicultura y Pesca ",2010,34690.9,Corrientes,Produccion
Explotación de Minas y Canteras,2010,2931.7,Corrientes,Produccion
Industrias Manufactureras,2010,49491.6,Corrientes,Produccion
Electricidad y Distribución de Agua,2010,6243.4,Corrientes,Produccion
Construcción,2010,17912.0,Corrientes,Produccion
"Comercio, Reparación de Vehículos Automotores., Motocicletas., Efectos Personales y Enseres Domésticos",2010,40005.8,Corrientes,Produccion
Hoteles y Restaurantes,2010,9099.8,Corrientes,Produccion
"Transporte, Almacenamiento",2010,9473.4,Corrientes,Produccion
Comunicaciones,2010,10620.7,Corrientes,Produccion
Intermediación Financiera,2010,18130.5,Corrientes,Produccion
Propiedad de Vivienda,2010,16335.6,Corrientes,Produccion
Actividades Inmobiliarias y Empresariales,2010,13899.2,Corrientes,Produccion
Administración Pública y Defensa; Planes de Seguridad Social de Afiliación Obligatoria,2010,20942.8,Corrientes,Produccion
Servicios de Enseñanza,2010,23011.9,Corrientes,Produccion
Servicios Sociales y de Salud,2010,11017.6,Corrientes,Produccion
"Servicios Comunitarios, Sociales y Personales",2010,8936.1,Corrientes,Produccion
Menos: Servicios de Intermediación Financiera Medidos Indirectamente,2010,15020.5,Corrientes,Produccion
Valor Agregado Bruto a precios básicos,2010,277722.4,Corrientes,Produccion
Más: Impuestos netos de subvenciones sobre la producción y las importaciones,2010,21563.6,Corrientes,Produccion
Producto Interno Bruto a precios de mercado,2010,299286.0,Corrientes,Produccion
"Agricultura, Ganadería, Caza, Silvicultura y Pesca ",2011,47639.8,Corrientes,Produccion
Explotación de Minas y Canteras,2011,3329.3,Corrientes,Produccion
Industrias Manufactureras,2011,57606.0,Corrientes,Produccion
Electricidad y Distribución de Agua,2011,5043.6,Corrientes,Produccion
Construcción,2011,20505.9,Corrientes,Produccion
"Comercio, Reparación de Vehículos Automotores., Motocicletas., Efectos Personales y Enseres Domésticos",2011,46247.3,Corrientes,Produccion
Hoteles y Restaurantes,2011,9873.9,Corrientes,Produccion
"Transporte, Almacenamiento",2011,10127.1,Corrientes,Produccion
Comunicaciones,2011,10527.0,Corrientes,Produccion
Intermediación Financiera,2011,20252.7,Corrientes,Produccion
Propiedad de Vivienda,2011,17360.8,Corrientes,Produccion
Actividades Inmobiliarias y Empresariales,2011,15247.0,Corrientes,Produccion
Administración Pública y Defensa; Planes de Seguridad Social de Afiliación Obligatoria,2011,20637.7,Corrientes,Produccion
Servicios de Enseñanza,2011,23691.6,Corrientes,Produccion
Servicios Sociales y de Salud,2011,11473.9,Corrientes,Produccion
"Servicios Comunitarios, Sociales y Personales",2011,9568.4,Corrientes,Produccion
Menos: Servicios de Intermediación Financiera Medidos Indirectamente,2011,17744.5,Corrientes,Produccion
Valor Agregado Bruto a precios básicos,2011,311387.5,Corrientes,Produccion
Más: Impuestos netos de subvenciones sobre la producción y las importaciones,2011,23640.2,Corrientes,Produccion
Producto Interno Bruto a precios de mercado,2011,335027.8,Corrientes,Produccion
"Agricultura, Ganadería, Caza, Silvicultura y Pesca ",2012,49021.6,Corrientes,Produccion
Explotación de Minas y Canteras,2012,3502.2,Corrientes,Produccion
Industrias Manufactureras,2012,63908.6,Corrientes,Produccion
Electricidad y Distribución de Agua,2012,5246.9,Corrientes,Produccion
Construcción,2012,21703.3,Corrientes,Produccion
"Comercio, Reparación de Vehículos Automotores., Motocicletas., Efectos Personales y Enseres Domésticos",2012,50016.7,Corrientes,Produccion
Hoteles y Restaurantes,2012,10820.5,Corrientes,Produccion
"Transporte, Almacenamiento",2012,11286.5,Corrientes,Produccion
Comunicaciones,2012,11579.2,Corrientes,Produccion
Intermediación Financiera,2012,22299.5,Corrientes,Produccion
Propiedad de Vivienda,2012,18576.5,Corrientes,Produccion
Actividades Inmobiliarias y Empresariales,2012,16565.2,Corrientes,Produccion
Administración Pública y Defensa; Planes de Seguridad Social de Afiliación Obligatoria,2012,22183.5,Corrientes,Produccion
Servicios de Enseñanza,2012,25588.9,Corrientes,Produccion
Servicios Sociales y de Salud,2012,12678.9,Corrientes,Produccion
"Servicios Comunitarios, Sociales y Personales",2012,10221.1,Corrientes,Produccion
Menos: Servicios de Intermediación Financiera Medidos Indirectamente,2012,19594.7,Corrientes,Produccion
Valor Agregado Bruto a precios básicos,2012,335604.2,Corrientes,Produccion
Más: Impuestos netos de subvenciones sobre la producción y las importaciones,2012,25744.3,Corrientes,Produccion
Producto Interno Bruto a precios de mercado,2012,361348.5,Corrientes,Produccion
"Agricultura, Ganadería, Caza, Silvicultura y Pesca ",2013,45904.4,Corrientes,Produccion
Explotación de Minas y Canteras,2013,3733.0,Corrientes,Produccion
Industrias Manufactureras,2013,65119.7,Corrientes,Produccion
Electricidad y Distribución de Agua,2013,3958.2,Corrientes,Produccion
Construcción,2013,22865.2,Corrientes,Produccion
"Comercio, Reparación de Vehículos Automotores., Motocicletas., Efectos Personales y Enseres Domésticos",2013,53895.4,Corrientes,Produccion
Hoteles y Restaurantes,2013,11776.3,Corrientes,Produccion
"Transporte, Almacenamiento",2013,12371.9,Corrientes,Produccion
Comunicaciones,2013,12361.8,Corrientes,Produccion
Intermediación Financiera,2013,24576.1,Corrientes,Produccion
Propiedad de Vivienda,2013,20174.4,Corrientes,Produccion
Actividades Inmobiliarias y Empresariales,2013,17866.7,Corrientes,Produccion
Administración Pública y Defensa; Planes de Seguridad Social de Afiliación Obligatoria,2013,24186.6,Corrientes,Produccion
Servicios de Enseñanza,2013,27427.7,Corrientes,Produccion
Servicios Sociales y de Salud,2013,13914.0,Corrientes,Produccion
"Servicios Comunitarios, Sociales y Personales",2013,11038.8,Corrientes,Produccion
Menos: Servicios de Intermediación Financiera Medidos Indirectamente,2013,21190.5,Corrientes,Produccion
Valor Agregado Bruto a precios básicos,2013,349979.8,Corrientes,Produccion
Más: Impuestos netos de subvenciones sobre la producción y las importaciones,2013,26559.6,Corrientes,Produccion
Producto Interno Bruto a precios de mercado,2013,376539.4,Corrientes,Produccion
"Agricultura, Ganadería, Caza, Silvicultura y Pesca ",2014,51988.2,Corrientes,Produccion
Explotación de Minas y Canteras,2014,3454.1,Corrientes,Produccion
Industrias Manufactureras,2014,71543.3,Corrientes,Produccion
Electricidad y Distribución de Agua,2014,5111.7,Corrientes,Produccion
Construcción,2014,21520.8,Corrientes,Produccion
"Comercio, Reparación de Vehículos Automotores., Motocicletas., Efectos Personales y Enseres Domésticos",2014,59483.3,Corrientes,Produccion
Hoteles y Restaurantes,2014,12731.1,Corrientes,Produccion
"Transporte, Almacenamiento",2014,13793.6,Corrientes,Produccion
Comunicaciones,2014,13582.3,Corrientes,Produccion
Intermediación Financiera,2014,27429.8,Corrientes,Produccion
Propiedad de Vivienda,2014,21750.9,Corrientes,Produccion
Actividades Inmobiliarias y Empresariales,2014,19531.0,Corrientes,Produccion
Administración Pública y Defensa; Planes de Seguridad Social de Afiliación Obligatoria,2014,25430.2,Corrientes,Produccion
Servicios de Enseñanza,2014,29407.9,Corrientes,Produccion
Servicios Sociales y de Salud,2014,14395.3,Corrientes,Produccion
"Servicios Comunitarios, Sociales y Personales",2014,11883.0,Corrientes,Produccion
Menos: Servicios de Intermediación Financiera Medidos Indirectamente,2014,23549.2,Corrientes,Produccion
Valor Agregado Bruto a precios básicos,2014,379487.1,Corrientes,Produccion
Más: Impuestos netos de subvenciones sobre la producción y las importaciones,2014,35146.4,Corrientes,Produccion
Producto Interno Bruto a precios de mercado,2014,414633.5,Corrientes,Produccion
"Agricultura, Ganadería, Caza, Silvicultura y Pesca ",2015,56243.0,Corrientes,Produccion
Explotación de Minas y Canteras,2015,2505.1,Corrientes,Produccion
Industrias Manufactureras,2015,80769.4,Corrientes,Produccion
Electricidad y Distribución de Agua,2015,11261.3,Corrientes,Produccion
Construcción,2015,23558.0,Corrientes,Produccion
"Comercio, Reparación de Vehículos Automotores., Motocicletas., Efectos Personales y Enseres Domésticos",2015,64143.1,Corrientes,Produccion
Hoteles y Restaurantes,2015,13828.4,Corrientes,Produccion
"Transporte, Almacenamiento",2015,17813.9,Corrientes,Produccion
Comunicaciones,2015,15235.7,Corrientes,Produccion
Intermediación Financiera,2015,30010.5,Corrientes,Produccion
Propiedad de Vivienda,2015,23215.0,Corrientes,Produccion
Actividades Inmobiliarias y Empresariales,2015,21415.5,Corrientes,Produccion
Administración Pública y Defensa; Planes de Seguridad Social de Afiliación Obligatoria,2015,26191.9,Corrientes,Produccion
Servicios de Enseñanza,2015,31184.6,Corrientes,Produccion
Servicios Sociales y de Salud,2015,15164.3,Corrientes,Produccion
"Servicios Comunitarios, Sociales y Personales",2015,12667.6,Corrientes,Produccion
Menos: Servicios de Intermediación Financiera Medidos Indirectamente,2015,25938.8,Corrientes,Produccion
Valor Agregado Bruto a precios básicos,2015,419268.4,Corrientes,Produccion
Más: Impuestos netos de subvenciones sobre la producción y las importaciones,2015,41136.8,Corrientes,Produccion
Producto Interno Bruto a precios de mercado,2015,460405.2,Corrientes,Produccion
"Agricultura, Ganadería, Caza, Silvicultura y Pesca ",2016,59758.1,Corrientes,Produccion
Explotación de Minas y Canteras,2016,2695.3,Corrientes,Produccion
Industrias Manufactureras,2016,85034.6,Corrientes,Produccion
Electricidad y Distribución de Agua,2016,13198.9,Corrientes,Produccion
Construcción,2016,27157.4,Corrientes,Produccion
"Comercio, Reparación de Vehículos Automotores., Motocicletas., Efectos Personales y Enseres Domésticos",2016,67814.0,Corrientes,Produccion
Hoteles y Restaurantes,2016,15421.0,Corrientes,Produccion
"Transporte, Almacenamiento",2016,19677.7,Corrientes,Produccion
Comunicaciones,2016,16373.5,Corrientes,Produccion
Intermediación Financiera,2016,32534.9,Corrientes,Produccion
Propiedad de Vivienda,2016,24472.7,Corrientes,Produccion
Actividades Inmobiliarias y Empresariales,2016,22746.0,Corrientes,Produccion
Administración Pública y Defensa; Planes de Seguridad Social de Afiliación Obligatoria,2016,27690.5,Corrientes,Produccion
Servicios de Enseñanza,2016,33201.8,Corrientes,Produccion
Servicios Sociales y de Salud,2016,16029.5,Corrientes,Produccion
"Servicios Comunitarios, Sociales y Personales",2016,13559.5,Corrientes,Produccion
Menos: Servicios de Intermediación Financiera Medidos Indirectamente,2016,27647.9,Corrientes,Produccion
Valor Agregado Bruto a precios básicos,2016,449717.4,Corrientes,Produccion
Más: Impuestos netos de subvenciones sobre la producción y las importaciones,2016,46204.5,Corrientes,Produccion
Producto Interno Bruto a precios de mercado,2016,495921.9,Corrientes,Produccion
"Agricultura, Ganadería, Caza, Silvicultura y Pesca ",2017,68847.9,Corrientes,Produccion
Explotación de Minas y Canteras,2017,3658.0,Corrientes,Produccion
Industrias Manufactureras,2017,93066.8,Corrientes,Produccion
Electricidad y Distribución de Agua,2017,15748.0,Corrientes,Produccion
Construcción,2017,31740.5,Corrientes,Produccion
"Comercio, Reparación de Vehículos Automotores., Motocicletas., Efectos Personales y Enseres Domésticos",2017,74170.5,Corrientes,Produccion
Hoteles y Restaurantes,2017,16652.4,Corrientes,Produccion
"Transporte, Almacenamiento",2017,19901.9,Corrientes,Produccion
Comunicaciones,2017,17500.7,Corrientes,Produccion
Intermediación Financiera,2017,34383.4,Corrientes,Produccion
Propiedad de Vivienda,2017,25832.2,Corrientes,Produccion
Actividades Inmobiliarias y Empresariales,2017,24912.5,Corrientes,Produccion
Administración Pública y Defensa; Planes de Seguridad Social de Afiliación Obligatoria,2017,29272.8,Corrientes,Produccion
Servicios de Enseñanza,2017,35016.9,Corrientes,Produccion
Servicios Sociales y de Salud,2017,16873.9,Corrientes,Produccion
"Servicios Comunitarios, Sociales y Personales",2017,14404.7,Corrientes,Produccion
Menos: Servicios de Intermediación Financiera Medidos Indirectamente,2017,28805.7,Corrientes,Produccion
Valor Agregado Bruto a precios básicos,2017,493177.3,Corrientes,Produccion
Más: Impuestos netos de subvenciones sobre la producción y las importaciones,2017,50225.7,Corrientes,Produccion
Producto Interno Bruto a precios de mercado,2017,543403.0,Corrientes,Produccion
"Agricultura, Ganadería, Caza, Silvicultura y Pesca ",2018,66791.5,Corrientes,Produccion
Explotación de Minas y Canteras,2018,3873.4,Corrientes,Produccion
Industrias Manufactureras,2018,97181.2,Corrientes,Produccion
Electricidad y Distribución de Agua,2018,17278.1,Corrientes,Produccion
Construcción,2018,34649.7,Corrientes,Produccion
"Comercio, Reparación de Vehículos Automotores., Motocicletas., Efectos Personales y Enseres Domésticos",2018,81338.0,Corrientes,Produccion
Hoteles y Restaurantes,2018,18114.1,Corrientes,Produccion
"Transporte, Almacenamiento",2018,20109.9,Corrientes,Produccion
Comunicaciones,2018,18757.7,Corrientes,Produccion
Intermediación Financiera,2018,35150.5,Corrientes,Produccion
Propiedad de Vivienda,2018,27266.0,Corrientes,Produccion
Actividades Inmobiliarias y Empresariales,2018,26640.1,Corrientes,Produccion
Administración Pública y Defensa; Planes de Seguridad Social de Afiliación Obligatoria,2018,30788.4,Corrientes,Produccion
Servicios de Enseñanza,2018,38569.6,Corrientes,Produccion
Servicios Sociales y de Salud,2018,17964.3,Corrientes,Produccion
"Servicios Comunitarios, Sociales y Personales",2018,15164.0,Corrientes,Produccion
Menos: Servicios de Intermediación Financiera Medidos Indirectamente,2018,29411.7,Corrientes,Produccion
Valor Agregado Bruto a precios básicos,2018,520224.8,Corrientes,Produccion
Más: Impuestos netos de subvenciones sobre la producción y las importaciones,2018,55060.1,Corrientes,Produccion
Producto Interno Bruto a precios de mercado,2018,575284.9,Corrientes,Produccion
"Agricultura, Ganadería, Caza, Silvicultura y Pesca ",2019,66126.1,Corrientes,Produccion
Explotación de Minas y Canteras,2019,3804.8,Corrientes,Produccion
Industrias Manufactureras,2019,100545.6,Corrientes,Produccion
Electricidad y Distribución de Agua,2019,24728.6,Corrientes,Produccion
Construcción,2019,37420.6,Corrientes,Produccion
"Comercio, Reparación de Vehículos Automotores., Motocicletas., Efectos Personales y Enseres Domésticos",2019,85363.0,Corrientes,Produccion
Hoteles y Restaurantes,2019,19857.6,Corrientes,Produccion
"Transporte, Almacenamiento",2019,23309.3,Corrientes,Produccion
Comunicaciones,2019,19881.4,Corrientes,Produccion
Intermediación Financiera,2019,37281.2,Corrientes,Produccion
Propiedad de Vivienda,2019,29105.0,Corrientes,Produccion
Actividades Inmobiliarias y Empresariales,2019,29137.5,Corrientes,Produccion
Administración Pública y Defensa; Planes de Seguridad Social de Afiliación Obligatoria,2019,32972.0,Corrientes,Produccion
Servicios de Enseñanza,2019,42144.0,Corrientes,Produccion
Servicios Sociales y de Salud,2019,19167.5,Corrientes,Produccion
"Servicios Comunitarios, Sociales y Personales",2019,16371.8,Corrientes,Produccion
Menos: Servicios de Intermediación Financiera Medidos Indirectamente,2019,31035.8,Corrientes,Produccion
Valor Agregado Bruto a precios básicos,2019,556180.2,Corrientes,Produccion
Más: Impuestos netos de subvenciones sobre la producción y las importaciones,2019,58737.5,Corrientes,Produccion
Producto Interno Bruto a precios de mercado,2019,614917.7,Corrientes,Produccion
"Agricultura, Ganadería, Caza, Silvicultura y Pesca ",2020,70974.4,Corrientes,Produccion
Explotación de Minas y Canteras,2020,3729.5,Corrientes,Produccion
Industrias Manufactureras,2020,93886.1,Corrientes,Produccion
Electricidad y Distribución de Agua,2020,22522.4,Corrientes,Produccion
Construcción,2020,31860.8,Corrientes,Produccion
"Comercio, Reparación de Vehículos Automotores., Motocicletas., Efectos Personales y Enseres Domésticos",2020,82353.6,Corrientes,Produccion
Hoteles y Restaurantes,2020,11569.9,Corrientes,Produccion
"Transporte, Almacenamiento",2020,19452.7,Corrientes,Produccion
Comunicaciones,2020,21093.0,Corrientes,Produccion
Intermediación Financiera,2020,36128.9,Corrientes,Produccion
Propiedad de Vivienda,2020,30361.7,Corrientes,Produccion
Actividades Inmobiliarias y Empresariales,2020,26740.0,Corrientes,Produccion
Administración Pública y Defensa; Planes de Seguridad Social de Afiliación Obligatoria,2020,34072.6,Corrientes,Produccion
Servicios de Enseñanza,2020,43820.4,Corrientes,Produccion
Servicios Sociales y de Salud,2020,21247.3,Corrientes,Produccion
"Servicios Comunitarios, Sociales y Personales",2020,14887.5,Corrientes,Produccion
Menos: Servicios de Intermediación Financiera Medidos Indirectamente,2020,30224.9,Corrientes,Produccion
Valor Agregado Bruto a precios básicos,2020,534476.0,Corrientes,Produccion
Más: Impuestos netos de subvenciones sobre la producción y las importaciones,2020,51257.6,Corrientes,Produccion
Producto Interno Bruto a precios de mercado,2020,585733.6,Corrientes,Produccion
"Agricultura, Ganadería, Caza, Silvicultura y Pesca ",2000,15328.9,Constantes,Produccion
Explotación de Minas y Canteras,2000,488.6,Constantes,Produccion
Industrias Manufactureras,2000,21902.1,Constantes,Produccion
Electricidad y Distribución de Agua,2000,2701.0,Constantes,Produccion
Construcción,2000,6244.3,Constantes,Produccion
"Comercio, Reparac. de Vehículos Automot., Motoci., Efectos Personales y Enseres Domésticos",2000,12981.9,Constantes,Produccion
Hoteles y Restaurantes,2000,2728.5,Constantes,Produccion
"Transporte, Almacenamiento",2000,4030.4,Constantes,Produccion
Comunicaciones,2000,4089.6,Constantes,Produccion
Intermediación Financiera,2000,5083.9,Constantes,Produccion
Propiedad de Vivienda,2000,5132.1,Constantes,Produccion
Actividades Inmobiliarias y Empresariales,2000,4259.8,Constantes,Produccion
Administración Pública y Defensa; Planes de Seguridad Social de Afiliación Obligatoria,2000,5920.7,Constantes,Produccion
Servicios de Enseñanza,2000,5170.6,Constantes,Produccion
Servicios Sociales y de Salud,2000,2334.5,Constantes,Produccion
"Servicios Comunitarios, Sociales y Personales",2000,2384.0,Constantes,Produccion
Menos: Servicios de Intermediación Financiera Medidos Indirectamente,2000,4245.1,Constantes,Produccion
Valor Agregado Bruto a precios básicos,2000,96535.8,Constantes,Produccion
Más: Impuestos netos de subvenciones sobre la producción y las importaciones,2000,10118.3,Constantes,Produccion
Producto Interno Bruto a precios de mercado,2000,106654.2,Constantes,Produccion
"Agricultura, Ganadería, Caza, Silvicultura y Pesca ",2001,15654.0,Constantes,Produccion
Explotación de Minas y Canteras,2001,657.0,Constantes,Produccion
Industrias Manufactureras,2001,22745.0,Constantes,Produccion
Electricidad y Distribución de Agua,2001,2322.0,Constantes,Produccion
Construcción,2001,5758.0,Constantes,Produccion
"Comercio, Reparac. de Vehículos Automot., Motoci., Efectos Personales y Enseres Domésticos",2001,13115.0,Constantes,Produccion
Hoteles y Restaurantes,2001,2781.0,Constantes,Produccion
"Transporte, Almacenamiento",2001,4200.0,Constantes,Produccion
Comunicaciones,2001,4159.0,Constantes,Produccion
Intermediación Financiera,2001,6240.0,Constantes,Produccion
Propiedad de Vivienda,2001,5337.0,Constantes,Produccion
Actividades Inmobiliarias y Empresariales,2001,4308.0,Constantes,Produccion
Administración Pública y Defensa; Planes de Seguridad Social de Afiliación Obligatoria,2001,6469.0,Constantes,Produccion
Servicios de Enseñanza,2001,5319.3,Constantes,Produccion
Servicios Sociales y de Salud,2001,2408.3,Constantes,Produccion
"Servicios Comunitarios, Sociales y Personales",2001,2472.3,Constantes,Produccion
Menos: Servicios de Intermediación Financiera Medidos Indirectamente,2001,4701.3,Constantes,Produccion
Valor Agregado Bruto a precios básicos,2001,99243.6,Constantes,Produccion
Más: Impuestos netos de subvenciones sobre la producción y las importaciones,2001,10315.0,Constantes,Produccion
Producto Interno Bruto a precios de mercado,2001,109558.6,Constantes,Produccion
"Agricultura, Ganadería, Caza, Silvicultura y Pesca ",2002,16358.9,Constantes,Produccion
Explotación de Minas y Canteras,2002,619.0,Constantes,Produccion
Industrias Manufactureras,2002,24510.8,Constantes,Produccion
Electricidad y Distribución de Agua,2002,2006.8,Constantes,Produccion
Construcción,2002,5098.0,Constantes,Produccion
"Comercio, Reparac. de Vehículos Automot., Motoci., Efectos Personales y Enseres Domésticos",2002,13549.9,Constantes,Produccion
Hoteles y Restaurantes,2002,2867.9,Constantes,Produccion
"Transporte, Almacenamiento",2002,4223.6,Constantes,Produccion
Comunicaciones,2002,4333.3,Constantes,Produccion
Intermediación Financiera,2002,7317.3,Constantes,Produccion
Propiedad de Vivienda,2002,5649.7,Constantes,Produccion
Actividades Inmobiliarias y Empresariales,2002,4454.3,Constantes,Produccion
Administración Pública y Defensa; Planes de Seguridad Social de Afiliación Obligatoria,2002,6809.9,Constantes,Produccion
Servicios de Enseñanza,2002,5661.2,Constantes,Produccion
Servicios Sociales y de Salud,2002,2495.1,Constantes,Produccion
"Servicios Comunitarios, Sociales y Personales",2002,2607.3,Constantes,Produccion
Menos: Servicios de Intermediación Financiera Medidos Indirectamente,2002,5612.5,Constantes,Produccion
Valor Agregado Bruto a precios básicos,2002,102950.5,Constantes,Produccion
Más: Impuestos netos de subvenciones sobre la producción y las importaciones,2002,10721.5,Constantes,Produccion
Producto Interno Bruto a precios de mercado,2002,113671.8,Constantes,Produccion
"Agricultura, Ganadería, Caza, Silvicultura y Pesca ",2003,16743.2,Constantes,Produccion
Explotación de Minas y Canteras,2003,671.6,Constantes,Produccion
Industrias Manufactureras,2003,26082.3,Constantes,Produccion
Electricidad y Distribución de Agua,2003,1594.4,Constantes,Produccion
Construcción,2003,5289.6,Constantes,Produccion
"Comercio, Reparac. de Vehículos Automot., Motoci., Efectos Personales y Enseres Domésticos",2003,13762.5,Constantes,Produccion
Hoteles y Restaurantes,2003,2999.0,Constantes,Produccion
"Transporte, Almacenamiento",2003,4462.5,Constantes,Produccion
Comunicaciones,2003,5080.2,Constantes,Produccion
Intermediación Financiera,2003,8362.4,Constantes,Produccion
Propiedad de Vivienda,2003,5758.5,Constantes,Produccion
Actividades Inmobiliarias y Empresariales,2003,4804.8,Constantes,Produccion
Administración Pública y Defensa; Planes de Seguridad Social de Afiliación Obligatoria,2003,6987.2,Constantes,Produccion
Servicios de Enseñanza,2003,5977.7,Constantes,Produccion
Servicios Sociales y de Salud,2003,2539.9,Constantes,Produccion
"Servicios Comunitarios, Sociales y Personales",2003,2763.7,Constantes,Produccion
Menos: Servicios de Intermediación Financiera Medidos Indirectamente,2003,6357.2,Constantes,Produccion
Valor Agregado Bruto a precios básicos,2003,107522.2,Constantes,Produccion
Más: Impuestos netos de subvenciones sobre la producción y las importaciones,2003,11318.4,Constantes,Produccion
Producto Interno Bruto a precios de mercado,2003,118840.5,Constantes,Produccion
"Agricultura, Ganadería, Caza, Silvicultura y Pesca ",2004,17952.3,Constantes,Produccion
Explotación de Minas y Canteras,2004,634.0,Constantes,Produccion
Industrias Manufactureras,2004,27135.1,Constantes,Produccion
Electricidad y Distribución de Agua,2004,1692.9,Constantes,Produccion
Construcción,2004,5353.6,Constantes,Produccion
"Comercio, Reparac. de Vehículos Automot., Motoci., Efectos Personales y Enseres Domésticos",2004,14334.2,Constantes,Produccion
Hoteles y Restaurantes,2004,3123.5,Constantes,Produccion
"Transporte, Almacenamiento",2004,4819.6,Constantes,Produccion
Comunicaciones,2004,6008.8,Constantes,Produccion
Intermediación Financiera,2004,10292.3,Constantes,Produccion
Propiedad de Vivienda,2004,5891.5,Constantes,Produccion
Actividades Inmobiliarias y Empresariales,2004,5091.6,Constantes,Produccion
Administración Pública y Defensa; Planes de Seguridad Social de Afiliación Obligatoria,2004,7451.2,Constantes,Produccion
Servicios de Enseñanza,2004,6187.4,Constantes,Produccion
Servicios Sociales y de Salud,2004,2737.1,Constantes,Produccion
"Servicios Comunitarios, Sociales y Personales",2004,2944.4,Constantes,Produccion
Menos: Servicios de Intermediación Financiera Medidos Indirectamente,2004,7414.3,Constantes,Produccion
Valor Agregado Bruto a precios básicos,2004,114235.2,Constantes,Produccion
Más: Impuestos netos de subvenciones sobre la producción y las importaciones,2004,12011.8,Constantes,Produccion
Producto Interno Bruto a precios de mercado,2004,126247.0,Constantes,Produccion
"Agricultura, Ganadería, Caza, Silvicultura y Pesca ",2005,17540.5,Constantes,Produccion
Explotación de Minas y Canteras,2005,630.4,Constantes,Produccion
Industrias Manufactureras,2005,29033.8,Constantes,Produccion
Electricidad y Distribución de Agua,2005,2580.8,Constantes,Produccion
Construcción,2005,5229.0,Constantes,Produccion
"Comercio, Reparac. de Vehículos Automot., Motoci., Efectos Personales y Enseres Domésticos",2005,15141.6,Constantes,Produccion
Hoteles y Restaurantes,2005,3266.3,Constantes,Produccion
"Transporte, Almacenamiento",2005,5323.4,Constantes,Produccion
Comunicaciones,2005,7299.9,Constantes,Produccion
Intermediación Financiera,2005,12250.0,Constantes,Produccion
Propiedad de Vivienda,2005,6253.9,Constantes,Produccion
Actividades Inmobiliarias y Empresariales,2005,5381.5,Constantes,Produccion
Administración Pública y Defensa; Planes de Seguridad Social de Afiliación Obligatoria,2005,7666.7,Constantes,Produccion
Servicios de Enseñanza,2005,6497.7,Constantes,Produccion
Servicios Sociales y de Salud,2005,3029.1,Constantes,Produccion
"Servicios Comunitarios, Sociales y Personales",2005,3162.2,Constantes,Produccion
Menos: Servicios de Intermediación Financiera Medidos Indirectamente,2005,9080.0,Constantes,Produccion
Valor Agregado Bruto a precios básicos,2005,121206.7,Constantes,Produccion
Más: Impuestos netos de subvenciones sobre la producción y las importaciones,2005,12679.0,Constantes,Produccion
Producto Interno Bruto a precios de mercado,2005,133885.7,Constantes,Produccion
"Agricultura, Ganadería, Caza, Silvicultura y Pesca ",2006,18869.7,Constantes,Produccion
Explotación de Minas y Canteras,2006,608.3,Constantes,Produccion
Industrias Manufactureras,2006,30353.4,Constantes,Produccion
Electricidad y Distribución de Agua,2006,3164.7,Constantes,Produccion
Construcción,2006,5720.5,Constantes,Produccion
"Comercio, Reparac. de Vehículos Automot., Motoci., Efectos Personales y Enseres Domésticos",2006,15989.2,Constantes,Produccion
Hoteles y Restaurantes,2006,3429.8,Constantes,Produccion
"Transporte, Almacenamiento",2006,5549.9,Constantes,Produccion
Comunicaciones,2006,8544.0,Constantes,Produccion
Intermediación Financiera,2006,15276.5,Constantes,Produccion
Propiedad de Vivienda,2006,6472.2,Constantes,Produccion
Actividades Inmobiliarias y Empresariales,2006,5731.5,Constantes,Produccion
Administración Pública y Defensa; Planes de Seguridad Social de Afiliación Obligatoria,2006,7971.0,Constantes,Produccion
Servicios de Enseñanza,2006,6892.3,Constantes,Produccion
Servicios Sociales y de Salud,2006,3300.3,Constantes,Produccion
"Servicios Comunitarios, Sociales y Personales",2006,3421.2,Constantes,Produccion
Menos: Servicios de Intermediación Financiera Medidos Indirectamente,2006,11744.5,Constantes,Produccion
Valor Agregado Bruto a precios básicos,2006,129549.8,Constantes,Produccion
Más: Impuestos netos de subvenciones sobre la producción y las importaciones,2006,13128.4,Constantes,Produccion
Producto Interno Bruto a precios de mercado,2006,142678.3,Constantes,Produccion
"Agricultura, Ganadería, Caza, Silvicultura y Pesca ",2007,19915.4,Constantes,Produccion
Explotación de Minas y Canteras,2007,529.2,Constantes,Produccion
Industrias Manufactureras,2007,31876.9,Constantes,Produccion
Electricidad y Distribución de Agua,2007,3853.3,Constantes,Produccion
Construcción,2007,6096.3,Constantes,Produccion
"Comercio, Reparac. de Vehículos Automot., Motoci., Efectos Personales y Enseres Domésticos",2007,16502.3,Constantes,Produccion
Hoteles y Restaurantes,2007,3659.8,Constantes,Produccion
"Transporte, Almacenamiento",2007,6022.4,Constantes,Produccion
Comunicaciones,2007,9857.9,Constantes,Produccion
Intermediación Financiera,2007,18725.3,Constantes,Produccion
Propiedad de Vivienda,2007,6803.4,Constantes,Produccion
Actividades Inmobiliarias y Empresariales,2007,6191.9,Constantes,Produccion
Administración Pública y Defensa; Planes de Seguridad Social de Afiliación Obligatoria,2007,8252.5,Constantes,Produccion
Servicios de Enseñanza,2007,7270.4,Constantes,Produccion
Servicios Sociales y de Salud,2007,3821.6,Constantes,Produccion
"Servicios Comunitarios, Sociales y Personales",2007,3667.0,Constantes,Produccion
Menos: Servicios de Intermediación Financiera Medidos Indirectamente,2007,15334.8,Constantes,Produccion
Valor Agregado Bruto a precios básicos,2007,137710.9,Constantes,Produccion
Más: Impuestos netos de subvenciones sobre la producción y las importaciones,2007,13796.8,Constantes,Produccion
Producto Interno Bruto a precios de mercado,2007,151507.7,Constantes,Produccion
"Agricultura, Ganadería, Caza, Silvicultura y Pesca ",2008,20299.1,Constantes,Produccion
Explotación de Minas y Canteras,2008,480.0,Constantes,Produccion
Industrias Manufactureras,2008,32957.0,Constantes,Produccion
Electricidad y Distribución de Agua,2008,4018.2,Constantes,Produccion
Construcción,2008,6527.3,Constantes,Produccion
"Comercio, Reparac. de Vehículos Automot., Motoci., Efectos Personales y Enseres Domésticos",2008,17051.5,Constantes,Produccion
Hoteles y Restaurantes,2008,3743.9,Constantes,Produccion
"Transporte, Almacenamiento",2008,6180.7,Constantes,Produccion
Comunicaciones,2008,11655.6,Constantes,Produccion
Intermediación Financiera,2008,20887.2,Constantes,Produccion
Propiedad de Vivienda,2008,6946.4,Constantes,Produccion
Actividades Inmobiliarias y Empresariales,2008,6487.3,Constantes,Produccion
Administración Pública y Defensa; Planes de Seguridad Social de Afiliación Obligatoria,2008,8551.7,Constantes,Produccion
Servicios de Enseñanza,2008,7655.4,Constantes,Produccion
Servicios Sociales y de Salud,2008,4340.5,Constantes,Produccion
"Servicios Comunitarios, Sociales y Personales",2008,3875.5,Constantes,Produccion
Menos: Servicios de Intermediación Financiera Medidos Indirectamente,2008,16498.2,Constantes,Produccion
Valor Agregado Bruto a precios básicos,2008,145159.3,Constantes,Produccion
Más: Impuestos netos de subvenciones sobre la producción y las importaciones,2008,12759.6,Constantes,Produccion
Producto Interno Bruto a precios de mercado,2008,157918.9,Constantes,Produccion
"Agricultura, Ganadería, Caza, Silvicultura y Pesca ",2009,19903.7,Constantes,Produccion
Explotación de Minas y Canteras,2009,475.7,Constantes,Produccion
Industrias Manufactureras,2009,30270.7,Constantes,Produccion
Electricidad y Distribución de Agua,2009,4192.2,Constantes,Produccion
Construcción,2009,5660.2,Constantes,Produccion
"Comercio, Reparac. de Vehículos Automot., Motoci., Efectos Personales y Enseres Domésticos",2009,15151.7,Constantes,Produccion
Hoteles y Restaurantes,2009,3464.4,Constantes,Produccion
"Transporte, Almacenamiento",2009,5928.2,Constantes,Produccion
Comunicaciones,2009,13480.6,Constantes,Produccion
Intermediación Financiera,2009,20801.9,Constantes,Produccion
Propiedad de Vivienda,2009,7017.6,Constantes,Produccion
Actividades Inmobiliarias y Empresariales,2009,6531.7,Constantes,Produccion
Administración Pública y Defensa; Planes de Seguridad Social de Afiliación Obligatoria,2009,9023.5,Constantes,Produccion
Servicios de Enseñanza,2009,8187.8,Constantes,Produccion
Servicios Sociales y de Salud,2009,4708.6,Constantes,Produccion
"Servicios Comunitarios, Sociales y Personales",2009,3982.0,Constantes,Produccion
Menos: Servicios de Intermediación Financiera Medidos Indirectamente,2009,16925.0,Constantes,Produccion
Valor Agregado Bruto a precios básicos,2009,141855.4,Constantes,Produccion
Más: Impuestos netos de subvenciones sobre la producción y las importaciones,2009,12223.5,Constantes,Produccion
Producto Interno Bruto a precios de mercado,2009,154078.9,Constantes,Produccion
"Agricultura, Ganadería, Caza, Silvicultura y Pesca ",2010,20256.7,Constantes,Produccion
Explotación de Minas y Canteras,2010,456.6,Constantes,Produccion
Industrias Manufactureras,2010,31639.9,Constantes,Produccion
Electricidad y Distribución de Agua,2010,4183.6,Constantes,Produccion
Construcción,2010,5525.7,Constantes,Produccion
"Comercio, Reparac. de Vehículos Automot., Motoci., Efectos Personales y Enseres Domésticos",2010,15651.0,Constantes,Produccion
Hoteles y Restaurantes,2010,3590.0,Constantes,Produccion
"Transporte, Almacenamiento",2010,6267.8,Constantes,Produccion
Comunicaciones,2010,14582.2,Constantes,Produccion
Intermediación Financiera,2010,22518.5,Constantes,Produccion
Propiedad de Vivienda,2010,7151.6,Constantes,Produccion
Actividades Inmobiliarias y Empresariales,2010,6646.8,Constantes,Produccion
Administración Pública y Defensa; Planes de Seguridad Social de Afiliación Obligatoria,2010,9369.0,Constantes,Produccion
Servicios de Enseñanza,2010,8265.2,Constantes,Produccion
Servicios Sociales y de Salud,2010,4983.2,Constantes,Produccion
"Servicios Comunitarios, Sociales y Personales",2010,4119.3,Constantes,Produccion
Menos: Servicios de Intermediación Financiera Medidos Indirectamente,2010,18132.5,Constantes,Produccion
Valor Agregado Bruto a precios básicos,2010,147074.6,Constantes,Produccion
Más: Impuestos netos de subvenciones sobre la producción y las importaciones,2010,12753.2,Constantes,Produccion
Producto Interno Bruto a precios de mercado,2010,159827.8,Constantes,Produccion
"Agricultura, Ganadería, Caza, Silvicultura y Pesca ",2011,21570.2,Constantes,Produccion
Explotación de Minas y Canteras,2011,408.1,Constantes,Produccion
Industrias Manufactureras,2011,33032.8,Constantes,Produccion
Electricidad y Distribución de Agua,2011,4334.4,Constantes,Produccion
Construcción,2011,5769.4,Constantes,Produccion
"Comercio, Reparac. de Vehículos Automot., Motoci., Efectos Personales y Enseres Domésticos",2011,16324.9,Constantes,Produccion
Hoteles y Restaurantes,2011,3726.4,Constantes,Produccion
"Transporte, Almacenamiento",2011,6545.1,Constantes,Produccion
Comunicaciones,2011,15683.2,Constantes,Produccion
Intermediación Financiera,2011,24474.4,Constantes,Produccion
Propiedad de Vivienda,2011,7274.2,Constantes,Produccion
Actividades Inmobiliarias y Empresariales,2011,6812.1,Constantes,Produccion
Administración Pública y Defensa; Planes de Seguridad Social de Afiliación Obligatoria,2011,9264.1,Constantes,Produccion
Servicios de Enseñanza,2011,8359.5,Constantes,Produccion
Servicios Sociales y de Salud,2011,5065.3,Constantes,Produccion
"Servicios Comunitarios, Sociales y Personales",2011,4197.6,Constantes,Produccion
Menos: Servicios de Intermediación Financiera Medidos Indirectamente,2011,20262.7,Constantes,Produccion
Valor Agregado Bruto a precios básicos,2011,152578.9,Constantes,Produccion
Más: Impuestos netos de subvenciones sobre la producción y las importaciones,2011,13379.3,Constantes,Produccion
Producto Interno Bruto a precios de mercado,2011,165958.3,Constantes,Produccion
"Agricultura, Ganadería, Caza, Silvicultura y Pesca ",2012,23874.5,Constantes,Produccion
Explotación de Minas y Canteras,2012,395.1,Constantes,Produccion
Industrias Manufactureras,2012,33628.0,Constantes,Produccion
Electricidad y Distribución de Agua,2012,4460.7,Constantes,Produccion
Construcción,2012,5905.7,Constantes,Produccion
"Comercio, Reparac. de Vehículos Automot., Motoci., Efectos Personales y Enseres Domésticos",2012,16998.7,Constantes,Produccion
Hoteles y Restaurantes,2012,3810.6,Constantes,Produccion
"Transporte, Almacenamiento",2012,6835.9,Constantes,Produccion
Comunicaciones,2012,16695.9,Constantes,Produccion
Intermediación Financiera,2012,26123.4,Constantes,Produccion
Propiedad de Vivienda,2012,7409.2,Constantes,Produccion
Actividades Inmobiliarias y Empresariales,2012,7006.5,Constantes,Produccion
Administración Pública y Defensa; Planes de Seguridad Social de Afiliación Obligatoria,2012,9498.9,Constantes,Produccion
Servicios de Enseñanza,2012,8564.1,Constantes,Produccion
Servicios Sociales y de Salud,2012,5228.7,Constantes,Produccion
"Servicios Comunitarios, Sociales y Personales",2012,4299.4,Constantes,Produccion
Menos: Servicios de Intermediación Financiera Medidos Indirectamente,2012,21718.1,Constantes,Produccion
Valor Agregado Bruto a precios básicos,2012,159017.4,Constantes,Produccion
Más: Impuestos netos de subvenciones sobre la producción y las importaciones,2012,13792.8,Constantes,Produccion
Producto Interno Bruto a precios de mercado,2012,172810.2,Constantes,Produccion
"Agricultura, Ganadería, Caza, Silvicultura y Pesca ",2013,24695.8,Constantes,Produccion
Explotación de Minas y Canteras,2013,368.1,Constantes,Produccion
Industrias Manufactureras,2013,34762.3,Constantes,Produccion
Electricidad y Distribución de Agua,2013,4348.2,Constantes,Produccion
Construcción,2013,5758.3,Constantes,Produccion
"Comercio, Reparac. de Vehículos Automot., Motoci., Efectos Personales y Enseres Domésticos",2013,17382.9,Constantes,Produccion
Hoteles y Restaurantes,2013,3871.9,Constantes,Produccion
"Transporte, Almacenamiento",2013,7009.8,Constantes,Produccion
Comunicaciones,2013,17633.1,Constantes,Produccion
Intermediación Financiera,2013,27498.1,Constantes,Produccion
Propiedad de Vivienda,2013,7554.4,Constantes,Produccion
Actividades Inmobiliarias y Empresariales,2013,7165.0,Constantes,Produccion
Administración Pública y Defensa; Planes de Seguridad Social de Afiliación Obligatoria,2013,9869.4,Constantes,Produccion
Servicios de Enseñanza,2013,8804.9,Constantes,Produccion
Servicios Sociales y de Salud,2013,5372.6,Constantes,Produccion
"Servicios Comunitarios, Sociales y Personales",2013,4424.4,Constantes,Produccion
Menos: Servicios de Intermediación Financiera Medidos Indirectamente,2013,22668.7,Constantes,Produccion
Valor Agregado Bruto a precios básicos,2013,163850.4,Constantes,Produccion
Más: Impuestos netos de subvenciones sobre la producción y las importaciones,2013,13783.9,Constantes,Produccion
Producto Interno Bruto a precios de mercado,2013,177634.3,Constantes,Produccion
"Agricultura, Ganadería, Caza, Silvicultura y Pesca ",2014,25390.9,Constantes,Produccion
Explotación de Minas y Canteras,2014,337.7,Constantes,Produccion
Industrias Manufactureras,2014,35816.4,Constantes,Produccion
Electricidad y Distribución de Agua,2014,4416.6,Constantes,Produccion
Construcción,2014,5207.4,Constantes,Produccion
"Comercio, Reparac. de Vehículos Automot., Motoci., Efectos Personales y Enseres Domésticos",2014,17756.4,Constantes,Produccion
Hoteles y Restaurantes,2014,3937.7,Constantes,Produccion
"Transporte, Almacenamiento",2014,7180.7,Constantes,Produccion
Comunicaciones,2014,18540.5,Constantes,Produccion
Intermediación Financiera,2014,29999.0,Constantes,Produccion
Propiedad de Vivienda,2014,7712.9,Constantes,Produccion
Actividades Inmobiliarias y Empresariales,2014,7369.9,Constantes,Produccion
Administración Pública y Defensa; Planes de Seguridad Social de Afiliación Obligatoria,2014,9983.5,Constantes,Produccion
Servicios de Enseñanza,2014,8943.8,Constantes,Produccion
Servicios Sociales y de Salud,2014,5450.1,Constantes,Produccion
"Servicios Comunitarios, Sociales y Personales",2014,4516.7,Constantes,Produccion
Menos: Servicios de Intermediación Financiera Medidos Indirectamente,2014,24717.9,Constantes,Produccion
Valor Agregado Bruto a precios básicos,2014,167842.6,Constantes,Produccion
Más: Impuestos netos de subvenciones sobre la producción y las importaciones,2014,15224.0,Constantes,Produccion
Producto Interno Bruto a precios de mercado,2014,183066.5,Constantes,Produccion
"Agricultura, Ganadería, Caza, Silvicultura y Pesca ",2015,26058.9,Constantes,Produccion
Explotación de Minas y Canteras,2015,334.3,Constantes,Produccion
Industrias Manufactureras,2015,37229.6,Constantes,Produccion
Electricidad y Distribución de Agua,2015,4806.2,Constantes,Produccion
Construcción,2015,5328.9,Constantes,Produccion
"Comercio, Reparac. de Vehículos Automot., Motoci., Efectos Personales y Enseres Domésticos",2015,18327.6,Constantes,Produccion
Hoteles y Restaurantes,2015,4046.6,Constantes,Produccion
"Transporte, Almacenamiento",2015,7395.4,Constantes,Produccion
Comunicaciones,2015,19408.4,Constantes,Produccion
Intermediación Financiera,2015,33020.7,Constantes,Produccion
Propiedad de Vivienda,2015,7863.9,Constantes,Produccion
Actividades Inmobiliarias y Empresariales,2015,7767.0,Constantes,Produccion
Administración Pública y Defensa; Planes de Seguridad Social de Afiliación Obligatoria,2015,10033.3,Constantes,Produccion
Servicios de Enseñanza,2015,9078.9,Constantes,Produccion
Servicios Sociales y de Salud,2015,5591.7,Constantes,Produccion
"Servicios Comunitarios, Sociales y Personales",2015,4663.8,Constantes,Produccion
Menos: Servicios de Intermediación Financiera Medidos Indirectamente,2015,27339.6,Constantes,Produccion
Valor Agregado Bruto a precios básicos,2015,173615.5,Constantes,Produccion
Más: Impuestos netos de subvenciones sobre la producción y las importaciones,2015,16480.9,Constantes,Produccion
Producto Interno Bruto a precios de mercado,2015,190096.4,Constantes,Produccion
"Agricultura, Ganadería, Caza, Silvicultura y Pesca ",2016,27303.1,Constantes,Produccion
Explotación de Minas y Canteras,2016,352.5,Constantes,Produccion
Industrias Manufactureras,2016,38340.0,Constantes,Produccion
Electricidad y Distribución de Agua,2016,5118.6,Constantes,Produccion
Construcción,2016,5659.3,Constantes,Produccion
"Comercio, Reparac. de Vehículos Automot., Motoci., Efectos Personales y Enseres Domésticos",2016,18928.3,Constantes,Produccion
Hoteles y Restaurantes,2016,4170.0,Constantes,Produccion
"Transporte, Almacenamiento",2016,7656.3,Constantes,Produccion
Comunicaciones,2016,20121.5,Constantes,Produccion
Intermediación Financiera,2016,35077.9,Constantes,Produccion
Propiedad de Vivienda,2016,8026.5,Constantes,Produccion
Actividades Inmobiliarias y Empresariales,2016,8002.5,Constantes,Produccion
Administración Pública y Defensa; Planes de Seguridad Social de Afiliación Obligatoria,2016,10133.1,Constantes,Produccion
Servicios de Enseñanza,2016,9380.0,Constantes,Produccion
Servicios Sociales y de Salud,2016,5819.9,Constantes,Produccion
"Servicios Comunitarios, Sociales y Personales",2016,4804.1,Constantes,Produccion
Menos: Servicios de Intermediación Financiera Medidos Indirectamente,2016,28580.7,Constantes,Produccion
Valor Agregado Bruto a precios básicos,2016,180312.7,Constantes,Produccion
Más: Impuestos netos de subvenciones sobre la producción y las importaciones,2016,17184.1,Constantes,Produccion
Producto Interno Bruto a precios de mercado,2016,197496.8,Constantes,Produccion
"Agricultura, Ganadería, Caza, Silvicultura y Pesca ",2017,30128.9,Constantes,Produccion
Explotación de Minas y Canteras,2017,402.3,Constantes,Produccion
Industrias Manufactureras,2017,39843.2,Constantes,Produccion
Electricidad y Distribución de Agua,2017,5313.2,Constantes,Produccion
Construcción,2017,6138.7,Constantes,Produccion
"Comercio, Reparac. de Vehículos Automot., Motoci., Efectos Personales y Enseres Domésticos",2017,19689.4,Constantes,Produccion
Hoteles y Restaurantes,2017,4249.1,Constantes,Produccion
"Transporte, Almacenamiento",2017,7919.0,Constantes,Produccion
Comunicaciones,2017,20775.5,Constantes,Produccion
Intermediación Financiera,2017,37065.5,Constantes,Produccion
Propiedad de Vivienda,2017,8187.6,Constantes,Produccion
Actividades Inmobiliarias y Empresariales,2017,8340.1,Constantes,Produccion
Administración Pública y Defensa; Planes de Seguridad Social de Afiliación Obligatoria,2017,10377.9,Constantes,Produccion
Servicios de Enseñanza,2017,9626.2,Constantes,Produccion
Servicios Sociales y de Salud,2017,5965.7,Constantes,Produccion
"Servicios Comunitarios, Sociales y Personales",2017,4980.5,Constantes,Produccion
Menos: Servicios de Intermediación Financiera Medidos Indirectamente,2017,29704.9,Constantes,Produccion
Valor Agregado Bruto a precios básicos,2017,189298.1,Constantes,Produccion
Más: Impuestos netos de subvenciones sobre la producción y las importaciones,2017,17763.3,Constantes,Produccion
Producto Interno Bruto a precios de mercado,2017,207061.4,Constantes,Produccion
"Agricultura, Ganadería, Caza, Silvicultura y Pesca ",2018,30922.1,Constantes,Produccion
Explotación de Minas y Canteras,2018,453.3,Constantes,Produccion
Industrias Manufactureras,2018,41404.7,Constantes,Produccion
Electricidad y Distribución de Agua,2018,5697.4,Constantes,Produccion
Construcción,2018,6245.0,Constantes,Produccion
"Comercio, Reparac. de Vehículos Automot., Motoci., Efectos Personales y Enseres Domésticos",2018,20519.0,Constantes,Produccion
Hoteles y Restaurantes,2018,4463.6,Constantes,Produccion
"Transporte, Almacenamiento",2018,8334.7,Constantes,Produccion
Comunicaciones,2018,21399.9,Constantes,Produccion
Intermediación Financiera,2018,39074.6,Constantes,Produccion
Propiedad de Vivienda,2018,8358.7,Constantes,Produccion
Actividades Inmobiliarias y Empresariales,2018,8598.4,Constantes,Produccion
Administración Pública y Defensa; Planes de Seguridad Social de Afiliación Obligatoria,2018,10564.5,Constantes,Produccion
Servicios de Enseñanza,2018,9915.6,Constantes,Produccion
Servicios Sociales y de Salud,2018,6204.8,Constantes,Produccion
"Servicios Comunitarios, Sociales y Personales",2018,5084.3,Constantes,Produccion
Menos: Servicios de Intermediación Financiera Medidos Indirectamente,2018,30890.6,Constantes,Produccion
Valor Agregado Bruto a precios básicos,2018,196349.9,Constantes,Produccion
Más: Impuestos netos de subvenciones sobre la producción y las importaciones,2018,18673.0,Constantes,Produccion
Producto Interno Bruto a precios de mercado,2018,215022.9,Constantes,Produccion
"Agricultura, Ganadería, Caza, Silvicultura y Pesca ",2019,30602.3,Constantes,Produccion
Explotación de Minas y Canteras,2019,461.8,Constantes,Produccion
Industrias Manufactureras,2019,42231.2,Constantes,Produccion
Electricidad y Distribución de Agua,2019,5833.5,Constantes,Produccion
Construcción,2019,6262.0,Constantes,Produccion
"Comercio, Reparac. de Vehículos Automot., Motoci., Efectos Personales y Enseres Domésticos",2019,20998.0,Constantes,Produccion
Hoteles y Restaurantes,2019,4703.6,Constantes,Produccion
"Transporte, Almacenamiento",2019,8599.3,Constantes,Produccion
Comunicaciones,2019,22053.1,Constantes,Produccion
Intermediación Financiera,2019,42374.3,Constantes,Produccion
Propiedad de Vivienda,2019,8573.7,Constantes,Produccion
Actividades Inmobiliarias y Empresariales,2019,9030.8,Constantes,Produccion
Administración Pública y Defensa; Planes de Seguridad Social de Afiliación Obligatoria,2019,10703.1,Constantes,Produccion
Servicios de Enseñanza,2019,10097.9,Constantes,Produccion
Servicios Sociales y de Salud,2019,6407.9,Constantes,Produccion
"Servicios Comunitarios, Sociales y Personales",2019,5358.9,Constantes,Produccion
Menos: Servicios de Intermediación Financiera Medidos Indirectamente,2019,33011.9,Constantes,Produccion
Valor Agregado Bruto a precios básicos,2019,201279.5,Constantes,Produccion
Más: Impuestos netos de subvenciones sobre la producción y las importaciones,2019,19448.2,Constantes,Produccion
Producto Interno Bruto a precios de mercado,2019,220727.6,Constantes,Produccion
"Agricultura, Ganadería, Caza, Silvicultura y Pesca ",2020,28687.3,Constantes,Produccion
Explotación de Minas y Canteras,2020,353.5,Constantes,Produccion
Industrias Manufactureras,2020,36302.5,Constantes,Produccion
Electricidad y Distribución de Agua,2020,5606.8,Constantes,Produccion
Construcción,2020,4671.4,Constantes,Produccion
"Comercio, Reparac. de Vehículos Automot., Motoci., Efectos Personales y Enseres Domésticos",2020,18593.0,Constantes,Produccion
Hoteles y Restaurantes,2020,2524.7,Constantes,Produccion
"Transporte, Almacenamiento",2020,6499.9,Constantes,Produccion
Comunicaciones,2020,22787.7,Constantes,Produccion
Intermediación Financiera,2020,41998.8,Constantes,Produccion
Propiedad de Vivienda,2020,8751.9,Constantes,Produccion
Actividades Inmobiliarias y Empresariales,2020,7973.0,Constantes,Produccion
Administración Pública y Defensa; Planes de Seguridad Social de Afiliación Obligatoria,2020,10824.1,Constantes,Produccion
Servicios de Enseñanza,2020,9851.8,Constantes,Produccion
Servicios Sociales y de Salud,2020,7015.3,Constantes,Produccion
"Servicios Comunitarios, Sociales y Personales",2020,4570.2,Constantes,Produccion
Menos: Servicios de Intermediación Financiera Medidos Indirectamente,2020,32992.4,Constantes,Produccion
Valor Agregado Bruto a precios básicos,2020,184019.4,Constantes,Produccion
Más: Impuestos netos de subvenciones sobre la producción y las importaciones,2020,16920.5,Constantes,Produccion
Producto Interno Bruto a precios de mercado,2020,200939.9,Constantes,Produccion
"Agricultura, Ganadería, Caza, Silvicultura y Pesca ",2000,100.0,Indices,Produccion
Explotación de Minas y Canteras,2000,100.0,Indices,Produccion
Industrias Manufactureras,2000,100.0,Indices,Produccion
Electricidad y Distribución de Agua,2000,100.0,Indices,Produccion
Construcción,2000,100.0,Indices,Produccion
"Comercio, Reparac. de Vehículos Automot., Motoci., Efectos Personales y Enseres Domésticos",2000,100.0,Indices,Produccion
Hoteles y Restaurantes,2000,100.0,Indices,Produccion
"Transporte, Almacenamiento",2000,100.0,Indices,Produccion
Comunicaciones,2000,100.0,Indices,Produccion
Intermediación Financiera,2000,100.0,Indices,Produccion
Propiedad de Vivienda,2000,100.0,Indices,Produccion
Actividades Inmobiliarias y Empresariales,2000,100.0,Indices,Produccion
Administración Pública y Defensa; Planes de Seguridad Social de Afiliación Obligatoria,2000,100.0,Indices,Produccion
Servicios de Enseñanza,2000,100.0,Indices,Produccion
Servicios Sociales y de Salud,2000,100.0,Indices,Produccion
"Servicios Comunitarios, Sociales y Personales",2000,100.0,Indices,Produccion
Menos: Servicios de Intermediación Financiera Medidos Indirectamente,2000,100.0,Indices,Produccion
Valor Agregado Bruto a precios básicos,2000,100.0,Indices,Produccion
Más: Impuestos netos de subvenciones sobre la producción y las importaciones,2000,100.0,Indices,Produccion
Producto Interno Bruto a precios de mercado,2000,100.0,Indices,Produccion
"Agricultura, Ganadería, Caza, Silvicultura y Pesca ",2001,99.6,Indices,Produccion
Explotación de Minas y Canteras,2001,104.2,Indices,Produccion
Industrias Manufactureras,2001,102.2,Indices,Produccion
Electricidad y Distribución de Agua,2001,103.9,Indices,Produccion
Construcción,2001,111.9,Indices,Produccion
"Comercio, Reparac. de Vehículos Automot., Motoci., Efectos Personales y Enseres Domésticos",2001,112.9,Indices,Produccion
Hoteles y Restaurantes,2001,114.5,Indices,Produccion
"Transporte, Almacenamiento",2001,111.2,Indices,Produccion
Comunicaciones,2001,106.0,Indices,Produccion
Intermediación Financiera,2001,92.4,Indices,Produccion
Propiedad de Vivienda,2001,110.2,Indices,Produccion
Actividades Inmobiliarias y Empresariales,2001,108.0,Indices,Produccion
Administración Pública y Defensa; Planes de Seguridad Social de Afiliación Obligatoria,2001,111.1,Indices,Produccion
Servicios de Enseñanza,2001,122.9,Indices,Produccion
Servicios Sociales y de Salud,2001,123.3,Indices,Produccion
"Servicios Comunitarios, Sociales y Personales",2001,109.7,Indices,Produccion
Menos: Servicios de Intermediación Financiera Medidos Indirectamente,2001,91.5,Indices,Produccion
Valor Agregado Bruto a precios básicos,2001,107.7,Indices,Produccion
Más: Impuestos netos de subvenciones sobre la producción y las importaciones,2001,112.0,Indices,Produccion
Producto Interno Bruto a precios de mercado,2001,108.1,Indices,Produccion
"Agricultura, Ganadería, Caza, Silvicultura y Pesca ",2002,96.2,Indices,Produccion
Explotación de Minas y Canteras,2002,115.9,Indices,Produccion
Industrias Manufactureras,2002,104.8,Indices,Produccion
Electricidad y Distribución de Agua,2002,118.1,Indices,Produccion
Construcción,2002,126.2,Indices,Produccion
"Comercio, Reparac. de Vehículos Automot., Motoci., Efectos Personales y Enseres Domésticos",2002,123.6,Indices,Produccion
Hoteles y Restaurantes,2002,129.5,Indices,Produccion
"Transporte, Almacenamiento",2002,113.4,Indices,Produccion
Comunicaciones,2002,103.4,Indices,Produccion
Intermediación Financiera,2002,85.9,Indices,Produccion
Propiedad de Vivienda,2002,126.0,Indices,Produccion
Actividades Inmobiliarias y Empresariales,2002,118.5,Indices,Produccion
Administración Pública y Defensa; Planes de Seguridad Social de Afiliación Obligatoria,2002,117.6,Indices,Produccion
Servicios de Enseñanza,2002,139.8,Indices,Produccion
Servicios Sociales y de Salud,2002,136.1,Indices,Produccion
"Servicios Comunitarios, Sociales y Personales",2002,119.2,Indices,Produccion
Menos: Servicios de Intermediación Financiera Medidos Indirectamente,2002,85.5,Indices,Produccion
Valor Agregado Bruto a precios básicos,2002,113.6,Indices,Produccion
Más: Impuestos netos de subvenciones sobre la producción y las importaciones,2002,113.6,Indices,Produccion
Producto Interno Bruto a precios de mercado,2002,113.6,Indices,Produccion
"Agricultura, Ganadería, Caza, Silvicultura y Pesca ",2003,99.1,Indices,Produccion
Explotación de Minas y Canteras,2003,134.1,Indices,Produccion
Industrias Manufactureras,2003,108.3,Indices,Produccion
Electricidad y Distribución de Agua,2003,131.6,Indices,Produccion
Construcción,2003,148.5,Indices,Produccion
"Comercio, Reparac. de Vehículos Automot., Motoci., Efectos Personales y Enseres Domésticos",2003,133.1,Indices,Produccion
Hoteles y Restaurantes,2003,140.3,Indices,Produccion
"Transporte, Almacenamiento",2003,125.5,Indices,Produccion
Comunicaciones,2003,101.8,Indices,Produccion
Intermediación Financiera,2003,82.9,Indices,Produccion
Propiedad de Vivienda,2003,141.1,Indices,Produccion
Actividades Inmobiliarias y Empresariales,2003,127.9,Indices,Produccion
Administración Pública y Defensa; Planes de Seguridad Social de Afiliación Obligatoria,2003,123.3,Indices,Produccion
Servicios de Enseñanza,2003,151.3,Indices,Produccion
Servicios Sociales y de Salud,2003,148.5,Indices,Produccion
"Servicios Comunitarios, Sociales y Personales",2003,128.9,Indices,Produccion
Menos: Servicios de Intermediación Financiera Medidos Indirectamente,2003,81.4,Indices,Produccion
Valor Agregado Bruto a precios básicos,2003,120.9,Indices,Produccion
Más: Impuestos netos de subvenciones sobre la producción y las importaciones,2003,113.2,Indices,Produccion
Producto Interno Bruto a precios de mercado,2003,120.2,Indices,Produccion
"Agricultura, Ganadería, Caza, Silvicultura y Pesca ",2004,109.5,Indices,Produccion
Explotación de Minas y Canteras,2004,173.3,Indices,Produccion
Industrias Manufactureras,2004,114.0,Indices,Produccion
Electricidad y Distribución de Agua,2004,129.6,Indices,Produccion
Construcción,2004,161.2,Indices,Produccion
"Comercio, Reparac. de Vehículos Automot., Motoci., Efectos Personales y Enseres Domésticos",2004,149.2,Indices,Produccion
Hoteles y Restaurantes,2004,147.2,Indices,Produccion
"Transporte, Almacenamiento",2004,121.4,Indices,Produccion
Comunicaciones,2004,95.4,Indices,Produccion
Intermediación Financiera,2004,81.8,Indices,Produccion
Propiedad de Vivienda,2004,151.7,Indices,Produccion
Actividades Inmobiliarias y Empresariales,2004,137.9,Indices,Produccion
Administración Pública y Defensa; Planes de Seguridad Social de Afiliación Obligatoria,2004,138.3,Indices,Produccion
Servicios de Enseñanza,2004,162.3,Indices,Produccion
Servicios Sociales y de Salud,2004,153.0,Indices,Produccion
"Servicios Comunitarios, Sociales y Personales",2004,135.9,Indices,Produccion
Menos: Servicios de Intermediación Financiera Medidos Indirectamente,2004,79.5,Indices,Produccion
Valor Agregado Bruto a precios básicos,2004,128.8,Indices,Produccion
Más: Impuestos netos de subvenciones sobre la producción y las importaciones,2004,119.9,Indices,Produccion
Producto Interno Bruto a precios de mercado,2004,127.9,Indices,Produccion
"Agricultura, Ganadería, Caza, Silvicultura y Pesca ",2005,130.6,Indices,Produccion
Explotación de Minas y Canteras,2005,187.9,Indices,Produccion
Industrias Manufactureras,2005,120.8,Indices,Produccion
Electricidad y Distribución de Agua,2005,99.1,Indices,Produccion
Construcción,2005,179.9,Indices,Produccion
"Comercio, Reparac. de Vehículos Automot., Motoci., Efectos Personales y Enseres Domésticos",2005,166.6,Indices,Produccion
Hoteles y Restaurantes,2005,154.6,Indices,Produccion
"Transporte, Almacenamiento",2005,119.5,Indices,Produccion
Comunicaciones,2005,92.7,Indices,Produccion
Intermediación Financiera,2005,78.6,Indices,Produccion
Propiedad de Vivienda,2005,160.7,Indices,Produccion
Actividades Inmobiliarias y Empresariales,2005,149.8,Indices,Produccion
Administración Pública y Defensa; Planes de Seguridad Social de Afiliación Obligatoria,2005,147.0,Indices,Produccion
Servicios de Enseñanza,2005,181.5,Indices,Produccion
Servicios Sociales y de Salud,2005,160.1,Indices,Produccion
"Servicios Comunitarios, Sociales y Personales",2005,144.6,Indices,Produccion
Menos: Servicios de Intermediación Financiera Medidos Indirectamente,2005,76.1,Indices,Produccion
Valor Agregado Bruto a precios básicos,2005,138.5,Indices,Produccion
Más: Impuestos netos de subvenciones sobre la producción y las importaciones,2005,125.4,Indices,Produccion
Producto Interno Bruto a precios de mercado,2005,137.2,Indices,Produccion
"Agricultura, Ganadería, Caza, Silvicultura y Pesca ",2006,129.6,Indices,Produccion
Explotación de Minas y Canteras,2006,394.0,Indices,Produccion
Industrias Manufactureras,2006,128.9,Indices,Produccion
Electricidad y Distribución de Agua,2006,73.8,Indices,Produccion
Construcción,2006,199.1,Indices,Produccion
"Comercio, Reparac. de Vehículos Automot., Motoci., Efectos Personales y Enseres Domésticos",2006,184.2,Indices,Produccion
Hoteles y Restaurantes,2006,167.3,Indices,Produccion
"Transporte, Almacenamiento",2006,124.6,Indices,Produccion
Comunicaciones,2006,82.7,Indices,Produccion
Intermediación Financiera,2006,77.0,Indices,Produccion
Propiedad de Vivienda,2006,171.3,Indices,Produccion
Actividades Inmobiliarias y Empresariales,2006,156.9,Indices,Produccion
Administración Pública y Defensa; Planes de Seguridad Social de Afiliación Obligatoria,2006,151.3,Indices,Produccion
Servicios de Enseñanza,2006,194.6,Indices,Produccion
Servicios Sociales y de Salud,2006,172.9,Indices,Produccion
"Servicios Comunitarios, Sociales y Personales",2006,154.4,Indices,Produccion
Menos: Servicios de Intermediación Financiera Medidos Indirectamente,2006,75.0,Indices,Produccion
Valor Agregado Bruto a precios básicos,2006,145.4,Indices,Produccion
Más: Impuestos netos de subvenciones sobre la producción y las importaciones,2006,136.4,Indices,Produccion
Producto Interno Bruto a precios de mercado,2006,144.6,Indices,Produccion
"Agricultura, Ganadería, Caza, Silvicultura y Pesca ",2007,139.7,Indices,Produccion
Explotación de Minas y Canteras,2007,523.5,Indices,Produccion
Industrias Manufactureras,2007,131.5,Indices,Produccion
Electricidad y Distribución de Agua,2007,64.1,Indices,Produccion
Construcción,2007,228.4,Indices,Produccion
"Comercio, Reparac. de Vehículos Automot., Motoci., Efectos Personales y Enseres Domésticos",2007,201.0,Indices,Produccion
Hoteles y Restaurantes,2007,185.1,Indices,Produccion
"Transporte, Almacenamiento",2007,129.6,Indices,Produccion
Comunicaciones,2007,81.2,Indices,Produccion
Intermediación Financiera,2007,74.1,Indices,Produccion
Propiedad de Vivienda,2007,186.9,Indices,Produccion
Actividades Inmobiliarias y Empresariales,2007,168.0,Indices,Produccion
Administración Pública y Defensa; Planes de Seguridad Social de Afiliación Obligatoria,2007,174.2,Indices,Produccion
Servicios de Enseñanza,2007,224.2,Indices,Produccion
Servicios Sociales y de Salud,2007,176.8,Indices,Produccion
"Servicios Comunitarios, Sociales y Personales",2007,165.8,Indices,Produccion
Menos: Servicios de Intermediación Financiera Medidos Indirectamente,2007,73.7,Indices,Produccion
Valor Agregado Bruto a precios básicos,2007,155.3,Indices,Produccion
Más: Impuestos netos de subvenciones sobre la producción y las importaciones,2007,142.7,Indices,Produccion
Producto Interno Bruto a precios de mercado,2007,154.2,Indices,Produccion
"Agricultura, Ganadería, Caza, Silvicultura y Pesca ",2008,157.1,Indices,Produccion
Explotación de Minas y Canteras,2008,424.2,Indices,Produccion
Industrias Manufactureras,2008,141.8,Indices,Produccion
Electricidad y Distribución de Agua,2008,72.3,Indices,Produccion
Construcción,2008,251.7,Indices,Produccion
"Comercio, Reparac. de Vehículos Automot., Motoci., Efectos Personales y Enseres Domésticos",2008,222.4,Indices,Produccion
Hoteles y Restaurantes,2008,204.0,Indices,Produccion
"Transporte, Almacenamiento",2008,146.7,Indices,Produccion
Comunicaciones,2008,76.6,Indices,Produccion
Intermediación Financiera,2008,80.4,Indices,Produccion
Propiedad de Vivienda,2008,198.9,Indices,Produccion
Actividades Inmobiliarias y Empresariales,2008,182.8,Indices,Produccion
Administración Pública y Defensa; Planes de Seguridad Social de Afiliación Obligatoria,2008,191.4,Indices,Produccion
Servicios de Enseñanza,2008,247.2,Indices,Produccion
Servicios Sociales y de Salud,2008,190.2,Indices,Produccion
"Servicios Comunitarios, Sociales y Personales",2008,178.8,Indices,Produccion
Menos: Servicios de Intermediación Financiera Medidos Indirectamente,2008,80.6,Indices,Produccion
Valor Agregado Bruto a precios básicos,2008,167.5,Indices,Produccion
Más: Impuestos netos de subvenciones sobre la producción y las importaciones,2008,150.7,Indices,Produccion
Producto Interno Bruto a precios de mercado,2008,166.2,Indices,Produccion
"Agricultura, Ganadería, Caza, Silvicultura y Pesca ",2009,149.9,Indices,Produccion
Explotación de Minas y Canteras,2009,492.8,Indices,Produccion
Industrias Manufactureras,2009,151.4,Indices,Produccion
Electricidad y Distribución de Agua,2009,152.5,Indices,Produccion
Construcción,2009,303.0,Indices,Produccion
"Comercio, Reparac. de Vehículos Automot., Motoci., Efectos Personales y Enseres Domésticos",2009,239.8,Indices,Produccion
Hoteles y Restaurantes,2009,239.1,Indices,Produccion
"Transporte, Almacenamiento",2009,157.1,Indices,Produccion
Comunicaciones,2009,76.5,Indices,Produccion
Intermediación Financiera,2009,82.8,Indices,Produccion
Propiedad de Vivienda,2009,215.3,Indices,Produccion
Actividades Inmobiliarias y Empresariales,2009,195.7,Indices,Produccion
Administración Pública y Defensa; Planes de Seguridad Social de Afiliación Obligatoria,2009,209.4,Indices,Produccion
Servicios de Enseñanza,2009,269.5,Indices,Produccion
Servicios Sociales y de Salud,2009,208.8,Indices,Produccion
"Servicios Comunitarios, Sociales y Personales",2009,205.5,Indices,Produccion
Menos: Servicios de Intermediación Financiera Medidos Indirectamente,2009,84.2,Indices,Produccion
Valor Agregado Bruto a precios básicos,2009,180.2,Indices,Produccion
Más: Impuestos netos de subvenciones sobre la producción y las importaciones,2009,163.6,Indices,Produccion
Producto Interno Bruto a precios de mercado,2009,178.9,Indices,Produccion
"Agricultura, Ganadería, Caza, Silvicultura y Pesca ",2010,171.3,Indices,Produccion
Explotación de Minas y Canteras,2010,642.1,Indices,Produccion
Industrias Manufactureras,2010,156.4,Indices,Produccion
Electricidad y Distribución de Agua,2010,149.2,Indices,Produccion
Construcción,2010,324.2,Indices,Produccion
"Comercio, Reparac. de Vehículos Automot., Motoci., Efectos Personales y Enseres Domésticos",2010,255.6,Indices,Produccion
Hoteles y Restaurantes,2010,253.5,Indices,Produccion
"Transporte, Almacenamiento",2010,151.1,Indices,Produccion
Comunicaciones,2010,72.8,Indices,Produccion
Intermediación Financiera,2010,80.5,Indices,Produccion
Propiedad de Vivienda,2010,228.4,Indices,Produccion
Actividades Inmobiliarias y Empresariales,2010,209.1,Indices,Produccion
Administración Pública y Defensa; Planes de Seguridad Social de Afiliación Obligatoria,2010,223.5,Indices,Produccion
Servicios de Enseñanza,2010,278.4,Indices,Produccion
Servicios Sociales y de Salud,2010,221.1,Indices,Produccion
"Servicios Comunitarios, Sociales y Personales",2010,216.9,Indices,Produccion
Menos: Servicios de Intermediación Financiera Medidos Indirectamente,2010,82.8,Indices,Produccion
Valor Agregado Bruto a precios básicos,2010,188.8,Indices,Produccion
Más: Impuestos netos de subvenciones sobre la producción y las importaciones,2010,169.1,Indices,Produccion
Producto Interno Bruto a precios de mercado,2010,187.3,Indices,Produccion
"Agricultura, Ganadería, Caza, Silvicultura y Pesca ",2011,220.9,Indices,Produccion
Explotación de Minas y Canteras,2011,815.8,Indices,Produccion
Industrias Manufactureras,2011,174.4,Indices,Produccion
Electricidad y Distribución de Agua,2011,116.4,Indices,Produccion
Construcción,2011,355.4,Indices,Produccion
"Comercio, Reparac. de Vehículos Automot., Motoci., Efectos Personales y Enseres Domésticos",2011,283.3,Indices,Produccion
Hoteles y Restaurantes,2011,265.0,Indices,Produccion
"Transporte, Almacenamiento",2011,154.7,Indices,Produccion
Comunicaciones,2011,67.1,Indices,Produccion
Intermediación Financiera,2011,82.8,Indices,Produccion
Propiedad de Vivienda,2011,238.7,Indices,Produccion
Actividades Inmobiliarias y Empresariales,2011,223.8,Indices,Produccion
Administración Pública y Defensa; Planes de Seguridad Social de Afiliación Obligatoria,2011,222.8,Indices,Produccion
Servicios de Enseñanza,2011,283.4,Indices,Produccion
Servicios Sociales y de Salud,2011,226.5,Indices,Produccion
"Servicios Comunitarios, Sociales y Personales",2011,228.0,Indices,Produccion
Menos: Servicios de Intermediación Financiera Medidos Indirectamente,2011,87.6,Indices,Produccion
Valor Agregado Bruto a precios básicos,2011,204.1,Indices,Produccion
Más: Impuestos netos de subvenciones sobre la producción y las importaciones,2011,176.7,Indices,Produccion
Producto Interno Bruto a precios de mercado,2011,201.9,Indices,Produccion
"Agricultura, Ganadería, Caza, Silvicultura y Pesca ",2012,205.3,Indices,Produccion
Explotación de Minas y Canteras,2012,886.3,Indices,Produccion
Industrias Manufactureras,2012,190.0,Indices,Produccion
Electricidad y Distribución de Agua,2012,117.6,Indices,Produccion
Construcción,2012,367.5,Indices,Produccion
"Comercio, Reparac. de Vehículos Automot., Motoci., Efectos Personales y Enseres Domésticos",2012,294.2,Indices,Produccion
Hoteles y Restaurantes,2012,284.0,Indices,Produccion
"Transporte, Almacenamiento",2012,165.1,Indices,Produccion
Comunicaciones,2012,69.4,Indices,Produccion
Intermediación Financiera,2012,85.4,Indices,Produccion
Propiedad de Vivienda,2012,250.7,Indices,Produccion
Actividades Inmobiliarias y Empresariales,2012,236.4,Indices,Produccion
Administración Pública y Defensa; Planes de Seguridad Social de Afiliación Obligatoria,2012,233.5,Indices,Produccion
Servicios de Enseñanza,2012,298.8,Indices,Produccion
Servicios Sociales y de Salud,2012,242.5,Indices,Produccion
"Servicios Comunitarios, Sociales y Personales",2012,237.7,Indices,Produccion
Menos: Servicios de Intermediación Financiera Medidos Indirectamente,2012,90.2,Indices,Produccion
Valor Agregado Bruto a precios básicos,2012,211.0,Indices,Produccion
Más: Impuestos netos de subvenciones sobre la producción y las importaciones,2012,186.6,Indices,Produccion
Producto Interno Bruto a precios de mercado,2012,209.1,Indices,Produccion
"Agricultura, Ganadería, Caza, Silvicultura y Pesca ",2013,185.9,Indices,Produccion
Explotación de Minas y Canteras,2013,1014.1,Indices,Produccion
Industrias Manufactureras,2013,187.3,Indices,Produccion
Electricidad y Distribución de Agua,2013,91.0,Indices,Produccion
Construcción,2013,397.1,Indices,Produccion
"Comercio, Reparac. de Vehículos Automot., Motoci., Efectos Personales y Enseres Domésticos",2013,310.0,Indices,Produccion
Hoteles y Restaurantes,2013,304.2,Indices,Produccion
"Transporte, Almacenamiento",2013,176.5,Indices,Produccion
Comunicaciones,2013,70.1,Indices,Produccion
Intermediación Financiera,2013,89.4,Indices,Produccion
Propiedad de Vivienda,2013,267.1,Indices,Produccion
Actividades Inmobiliarias y Empresariales,2013,249.4,Indices,Produccion
Administración Pública y Defensa; Planes de Seguridad Social de Afiliación Obligatoria,2013,245.1,Indices,Produccion
Servicios de Enseñanza,2013,311.5,Indices,Produccion
Servicios Sociales y de Salud,2013,259.0,Indices,Produccion
"Servicios Comunitarios, Sociales y Personales",2013,249.5,Indices,Produccion
Menos: Servicios de Intermediación Financiera Medidos Indirectamente,2013,93.5,Indices,Produccion
Valor Agregado Bruto a precios básicos,2013,213.6,Indices,Produccion
Más: Impuestos netos de subvenciones sobre la producción y las importaciones,2013,192.7,Indices,Produccion
Producto Interno Bruto a precios de mercado,2013,212.0,Indices,Produccion
"Agricultura, Ganadería, Caza, Silvicultura y Pesca ",2014,204.8,Indices,Produccion
Explotación de Minas y Canteras,2014,1022.8,Indices,Produccion
Industrias Manufactureras,2014,199.8,Indices,Produccion
Electricidad y Distribución de Agua,2014,115.7,Indices,Produccion
Construcción,2014,413.3,Indices,Produccion
"Comercio, Reparac. de Vehículos Automot., Motoci., Efectos Personales y Enseres Domésticos",2014,335.0,Indices,Produccion
Hoteles y Restaurantes,2014,323.3,Indices,Produccion
"Transporte, Almacenamiento",2014,192.1,Indices,Produccion
Comunicaciones,2014,73.3,Indices,Produccion
Intermediación Financiera,2014,91.4,Indices,Produccion
Propiedad de Vivienda,2014,282.0,Indices,Produccion
Actividades Inmobiliarias y Empresariales,2014,265.0,Indices,Produccion
Administración Pública y Defensa; Planes de Seguridad Social de Afiliación Obligatoria,2014,254.7,Indices,Produccion
Servicios de Enseñanza,2014,328.8,Indices,Produccion
Servicios Sociales y de Salud,2014,264.1,Indices,Produccion
"Servicios Comunitarios, Sociales y Personales",2014,263.1,Indices,Produccion
Menos: Servicios de Intermediación Financiera Medidos Indirectamente,2014,95.3,Indices,Produccion
Valor Agregado Bruto a precios básicos,2014,226.1,Indices,Produccion
Más: Impuestos netos de subvenciones sobre la producción y las importaciones,2014,230.9,Indices,Produccion
Producto Interno Bruto a precios de mercado,2014,226.5,Indices,Produccion
"Agricultura, Ganadería, Caza, Silvicultura y Pesca ",2015,215.8,Indices,Produccion
Explotación de Minas y Canteras,2015,749.4,Indices,Produccion
Industrias Manufactureras,2015,216.9,Indices,Produccion
Electricidad y Distribución de Agua,2015,234.3,Indices,Produccion
Construcción,2015,442.1,Indices,Produccion
"Comercio, Reparac. de Vehículos Automot., Motoci., Efectos Personales y Enseres Domésticos",2015,350.0,Indices,Produccion
Hoteles y Restaurantes,2015,341.7,Indices,Produccion
"Transporte, Almacenamiento",2015,240.9,Indices,Produccion
Comunicaciones,2015,78.5,Indices,Produccion
Intermediación Financiera,2015,90.9,Indices,Produccion
Propiedad de Vivienda,2015,295.2,Indices,Produccion
Actividades Inmobiliarias y Empresariales,2015,275.7,Indices,Produccion
Administración Pública y Defensa; Planes de Seguridad Social de Afiliación Obligatoria,2015,261.0,Indices,Produccion
Servicios de Enseñanza,2015,343.5,Indices,Produccion
Servicios Sociales y de Salud,2015,271.2,Indices,Produccion
"Servicios Comunitarios, Sociales y Personales",2015,271.6,Indices,Produccion
Menos: Servicios de Intermediación Financiera Medidos Indirectamente,2015,94.9,Indices,Produccion
Valor Agregado Bruto a precios básicos,2015,241.5,Indices,Produccion
Más: Impuestos netos de subvenciones sobre la producción y las importaciones,2015,249.6,Indices,Produccion
Producto Interno Bruto a precios de mercado,2015,242.2,Indices,Produccion
"Agricultura, Ganadería, Caza, Silvicultura y Pesca ",2016,218.9,Indices,Produccion
Explotación de Minas y Canteras,2016,764.7,Indices,Produccion
Industrias Manufactureras,2016,221.8,Indices,Produccion
Electricidad y Distribución de Agua,2016,257.9,Indices,Produccion
Construcción,2016,479.9,Indices,Produccion
"Comercio, Reparac. de Vehículos Automot., Motoci., Efectos Personales y Enseres Domésticos",2016,358.3,Indices,Produccion
Hoteles y Restaurantes,2016,369.8,Indices,Produccion
"Transporte, Almacenamiento",2016,257.0,Indices,Produccion
Comunicaciones,2016,81.4,Indices,Produccion
Intermediación Financiera,2016,92.8,Indices,Produccion
Propiedad de Vivienda,2016,304.9,Indices,Produccion
Actividades Inmobiliarias y Empresariales,2016,284.2,Indices,Produccion
Administración Pública y Defensa; Planes de Seguridad Social de Afiliación Obligatoria,2016,273.3,Indices,Produccion
Servicios de Enseñanza,2016,354.0,Indices,Produccion
Servicios Sociales y de Salud,2016,275.4,Indices,Produccion
"Servicios Comunitarios, Sociales y Personales",2016,282.2,Indices,Produccion
Menos: Servicios de Intermediación Financiera Medidos Indirectamente,2016,96.7,Indices,Produccion
Valor Agregado Bruto a precios básicos,2016,249.4,Indices,Produccion
Más: Impuestos netos de subvenciones sobre la producción y las importaciones,2016,268.9,Indices,Produccion
Producto Interno Bruto a precios de mercado,2016,251.1,Indices,Produccion
"Agricultura, Ganadería, Caza, Silvicultura y Pesca ",2017,228.5,Indices,Produccion
Explotación de Minas y Canteras,2017,909.2,Indices,Produccion
Industrias Manufactureras,2017,233.6,Indices,Produccion
Electricidad y Distribución de Agua,2017,296.4,Indices,Produccion
Construcción,2017,517.1,Indices,Produccion
"Comercio, Reparac. de Vehículos Automot., Motoci., Efectos Personales y Enseres Domésticos",2017,376.7,Indices,Produccion
Hoteles y Restaurantes,2017,391.9,Indices,Produccion
"Transporte, Almacenamiento",2017,251.3,Indices,Produccion
Comunicaciones,2017,84.2,Indices,Produccion
Intermediación Financiera,2017,92.8,Indices,Produccion
Propiedad de Vivienda,2017,315.5,Indices,Produccion
Actividades Inmobiliarias y Empresariales,2017,298.7,Indices,Produccion
Administración Pública y Defensa; Planes de Seguridad Social de Afiliación Obligatoria,2017,282.1,Indices,Produccion
Servicios de Enseñanza,2017,363.8,Indices,Produccion
Servicios Sociales y de Salud,2017,282.9,Indices,Produccion
"Servicios Comunitarios, Sociales y Personales",2017,289.2,Indices,Produccion
Menos: Servicios de Intermediación Financiera Medidos Indirectamente,2017,97.0,Indices,Produccion
Valor Agregado Bruto a precios básicos,2017,260.5,Indices,Produccion
Más: Impuestos netos de subvenciones sobre la producción y las importaciones,2017,282.7,Indices,Produccion
Producto Interno Bruto a precios de mercado,2017,262.4,Indices,Produccion
"Agricultura, Ganadería, Caza, Silvicultura y Pesca ",2018,216.0,Indices,Produccion
Explotación de Minas y Canteras,2018,854.4,Indices,Produccion
Industrias Manufactureras,2018,234.7,Indices,Produccion
Electricidad y Distribución de Agua,2018,303.3,Indices,Produccion
Construcción,2018,554.8,Indices,Produccion
"Comercio, Reparac. de Vehículos Automot., Motoci., Efectos Personales y Enseres Domésticos",2018,396.4,Indices,Produccion
Hoteles y Restaurantes,2018,405.8,Indices,Produccion
"Transporte, Almacenamiento",2018,241.3,Indices,Produccion
Comunicaciones,2018,87.7,Indices,Produccion
Intermediación Financiera,2018,90.0,Indices,Produccion
Propiedad de Vivienda,2018,326.2,Indices,Produccion
Actividades Inmobiliarias y Empresariales,2018,309.8,Indices,Produccion
Administración Pública y Defensa; Planes de Seguridad Social de Afiliación Obligatoria,2018,291.4,Indices,Produccion
Servicios de Enseñanza,2018,389.0,Indices,Produccion
Servicios Sociales y de Salud,2018,289.5,Indices,Produccion
"Servicios Comunitarios, Sociales y Personales",2018,298.3,Indices,Produccion
Menos: Servicios de Intermediación Financiera Medidos Indirectamente,2018,95.2,Indices,Produccion
Valor Agregado Bruto a precios básicos,2018,264.9,Indices,Produccion
Más: Impuestos netos de subvenciones sobre la producción y las importaciones,2018,294.9,Indices,Produccion
Producto Interno Bruto a precios de mercado,2018,267.5,Indices,Produccion
"Agricultura, Ganadería, Caza, Silvicultura y Pesca ",2019,216.1,Indices,Produccion
Explotación de Minas y Canteras,2019,823.9,Indices,Produccion
Industrias Manufactureras,2019,238.1,Indices,Produccion
Electricidad y Distribución de Agua,2019,423.9,Indices,Produccion
Construcción,2019,597.6,Indices,Produccion
"Comercio, Reparac. de Vehículos Automot., Motoci., Efectos Personales y Enseres Domésticos",2019,406.5,Indices,Produccion
Hoteles y Restaurantes,2019,422.2,Indices,Produccion
"Transporte, Almacenamiento",2019,271.1,Indices,Produccion
Comunicaciones,2019,90.2,Indices,Produccion
Intermediación Financiera,2019,88.0,Indices,Produccion
Propiedad de Vivienda,2019,339.5,Indices,Produccion
Actividades Inmobiliarias y Empresariales,2019,322.6,Indices,Produccion
Administración Pública y Defensa; Planes de Seguridad Social de Afiliación Obligatoria,2019,308.1,Indices,Produccion
Servicios de Enseñanza,2019,417.4,Indices,Produccion
Servicios Sociales y de Salud,2019,299.1,Indices,Produccion
"Servicios Comunitarios, Sociales y Personales",2019,305.5,Indices,Produccion
Menos: Servicios de Intermediación Financiera Medidos Indirectamente,2019,94.0,Indices,Produccion
Valor Agregado Bruto a precios básicos,2019,276.3,Indices,Produccion
Más: Impuestos netos de subvenciones sobre la producción y las importaciones,2019,302.0,Indices,Produccion
Producto Interno Bruto a precios de mercado,2019,278.6,Indices,Produccion
"Agricultura, Ganadería, Caza, Silvicultura y Pesca ",2020,247.4,Indices,Produccion
Explotación de Minas y Canteras,2020,1055.1,Indices,Produccion
Industrias Manufactureras,2020,258.6,Indices,Produccion
Electricidad y Distribución de Agua,2020,401.7,Indices,Produccion
Construcción,2020,682.0,Indices,Produccion
"Comercio, Reparac. de Vehículos Automot., Motoci., Efectos Personales y Enseres Domésticos",2020,442.9,Indices,Produccion
Hoteles y Restaurantes,2020,458.3,Indices,Produccion
"Transporte, Almacenamiento",2020,299.3,Indices,Produccion
Comunicaciones,2020,92.6,Indices,Produccion
Intermediación Financiera,2020,86.0,Indices,Produccion
Propiedad de Vivienda,2020,346.9,Indices,Produccion
Actividades Inmobiliarias y Empresariales,2020,335.4,Indices,Produccion
Administración Pública y Defensa; Planes de Seguridad Social de Afiliación Obligatoria,2020,314.8,Indices,Produccion
Servicios de Enseñanza,2020,444.8,Indices,Produccion
Servicios Sociales y de Salud,2020,302.9,Indices,Produccion
"Servicios Comunitarios, Sociales y Personales",2020,325.8,Indices,Produccion
Menos: Servicios de Intermediación Financiera Medidos Indirectamente,2020,91.6,Indices,Produccion
Valor Agregado Bruto a precios básicos,2020,290.4,Indices,Produccion
Más: Impuestos netos de subvenciones sobre la producción y las importaciones,2020,302.9,Indices,Produccion
Producto Interno Bruto a precios de mercado,2020,291.5,Indices,Produccion
